,YYYYMMDD,DDVEC,FHVEC,   FG,  FHX, FHXH,  FHN, FHNH,  FXX, FXXH,   TG,   TN,  TNH,   TX,  TXH, T10N,T10NH,   SQ,   SP,    Q,   DR,   RH,  RHX, RHXH, EV24,   PG,   PX,  PXH,   PN,  PNH,  VVN, VVNH,  VVX, VVXH,   NG,   UG,   UX,  UXH,   UN,  UNH
,,,,,,,,,,,,,,,,,,,,,,,,,,,,,,,,,,,,,,,,
240,20170101,201,51,53,70,3,10,23,100,3,16,0,15,32,3,0,18,0,0,55,16,6,3,16,1,10182,10227,1,10160,15,1,1,37,21,8,97,98,1,95,6
240,20170102,318,29,33,60,13,10,1,160,11,32,-1,7,67,11,-26,12,46,59,287,10,20,9,20,3,10235,10258,19,10197,1,27,1,80,14,5,83,96,1,69,14
240,20170103,268,71,72,90,11,40,1,140,18,57,16,1,74,23,3,6,7,9,131,4,4,3,3,2,10214,10252,2,10159,24,61,6,75,10,8,85,91,2,77,11
240,20170104,317,77,80,110,13,30,23,210,9,59,24,23,76,2,5,24,28,36,258,10,6,3,16,3,10175,10237,24,10145,4,38,2,72,22,6,76,92,2,63,8
240,20170105,54,22,30,50,12,10,19,80,13,3,-43,22,40,12,-79,24,62,79,382,0,-1,-1,1,4,10331,10403,24,10241,1,65,6,83,14,2,79,95,6,57,13
240,20170106,165,38,40,60,20,10,5,80,18,-25,-59,8,-2,23,-79,6,63,80,399,9,3,3,24,4,10386,10411,9,10343,24,47,24,75,1,8,78,93,24,68,12
240,20170107,200,35,41,70,2,10,19,110,3,7,-13,3,35,23,-25,24,0,0,63,25,9,4,4,1,10302,10334,1,10289,14,1,18,58,1,7,97,98,13,93,2
240,20170108,308,7,15,30,5,10,3,40,4,44,11,8,72,14,-6,6,2,3,127,0,0,0,1,2,10310,10320,11,10299,1,2,7,75,14,8,92,98,1,78,14
240,20170109,184,51,52,80,19,20,1,120,22,54,39,4,66,21,37,6,0,0,76,59,67,27,23,1,10191,10292,1,10064,24,2,5,59,1,8,96,98,5,94,1
240,20170110,229,32,38,80,1,20,9,130,1,57,31,5,74,14,15,6,23,29,235,19,13,4,9,3,10083,10107,20,10058,4,58,22,70,10,7,92,96,24,85,10
240,20170111,263,89,102,140,14,50,1,200,11,72,49,1,98,11,44,6,29,36,266,8,5,5,8,4,10054,10091,1,10021,10,33,8,67,24,6,78,96,1,64,23
240,20170112,255,54,71,110,1,20,22,170,1,53,2,24,79,12,2,24,15,19,196,101,169,31,21,3,10009,10091,2,9854,23,28,24,69,3,8,81,98,24,67,4
240,20170113,307,73,84,120,18,50,6,210,18,37,2,1,62,18,2,6,20,25,271,44,89,22,16,3,9989,10069,24,9879,1,24,1,80,13,7,78,98,1,62,23
240,20170114,311,49,54,100,1,20,23,170,1,25,0,24,49,1,-12,24,27,33,213,30,68,19,11,2,10128,10176,24,10078,1,38,21,80,16,6,82,94,12,63,1
240,20170115,265,13,19,30,1,10,8,60,1,11,-33,7,36,12,-54,12,16,20,240,0,-1,-1,1,3,10209,10241,24,10180,1,65,3,70,1,7,90,96,9,85,1
240,20170116,69,16,21,30,10,10,1,60,10,-8,-50,23,33,13,-72,24,68,83,484,0,0,0,1,5,10289,10347,24,10241,1,4,3,80,12,4,88,98,3,66,14
240,20170117,128,17,18,30,6,0,16,50,6,-35,-67,24,4,16,-83,24,37,45,413,0,-1,-1,1,4,10381,10400,21,10346,1,8,5,57,14,4,91,98,5,79,15
240,20170118,127,12,14,20,1,0,21,40,7,-34,-62,1,-16,15,-74,6,17,20,223,3,1,1,8,2,10398,10408,10,10388,24,2,4,32,16,8,97,98,1,94,14
240,20170119,77,12,13,20,1,10,2,70,13,-14,-57,6,48,14,-78,6,73,87,504,0,0,0,1,5,10381,10391,9,10370,24,26,2,82,16,1,79,96,2,40,16
240,20170120,66,24,25,40,19,0,2,60,18,3,-51,5,48,13,-75,6,70,83,449,0,0,0,1,5,10354,10367,1,10336,24,49,2,83,17,4,74,96,2,42,12
240,20170121,78,29,30,60,10,20,1,90,10,4,-49,24,46,14,-79,24,75,89,505,0,0,0,1,5,10300,10332,1,10279,16,42,4,72,14,2,89,98,4,75,15
240,20170122,215,2,13,30,15,0,17,40,14,-16,-69,8,37,14,-95,12,75,88,529,0,0,0,1,5,10273,10278,10,10266,16,0,23,59,11,3,91,98,23,74,13
240,20170123,186,16,20,40,15,0,3,60,13,0,-63,2,32,21,-73,6,5,6,150,3,3,3,24,2,10267,10278,10,10259,16,0,1,36,14,7,96,99,1,91,13
240,20170124,155,18,20,40,14,10,1,50,14,13,-3,11,31,3,-10,12,21,24,301,4,1,1,3,3,10285,10313,23,10256,3,1,11,59,3,8,97,99,10,94,2
240,20170125,125,27,30,40,13,20,4,70,13,-9,-41,22,7,13,-62,24,0,0,158,0,0,0,1,2,10302,10318,10,10284,24,16,4,57,21,6,88,97,1,81,15
240,20170126,122,36,38,50,11,30,7,70,10,-25,-48,8,-1,14,-62,12,73,84,504,0,0,0,1,5,10239,10280,1,10192,24,57,1,62,18,0,81,86,1,74,14
240,20170127,135,45,46,60,12,30,3,90,12,8,-42,3,47,24,-55,6,50,57,394,0,0,0,1,4,10164,10188,1,10154,24,59,6,69,24,5,76,85,2,67,24
240,20170128,161,47,53,70,11,30,18,100,10,57,24,4,94,14,13,6,27,31,339,0,0,0,1,4,10147,10159,23,10137,14,64,23,73,11,8,74,93,24,62,10
240,20170129,186,49,52,70,10,40,1,110,10,44,29,1,61,14,15,6,13,15,217,19,8,5,24,3,10158,10166,12,10126,24,56,7,67,21,8,90,95,7,86,12
240,20170130,17,5,46,80,2,20,20,110,2,50,31,18,71,9,29,18,2,2,141,74,62,18,4,2,10106,10153,24,10069,6,13,9,70,14,8,91,98,6,81,21
240,20170131,88,23,33,60,22,10,1,90,5,40,31,2,57,12,28,6,3,3,202,0,0,0,1,2,10169,10177,18,10156,1,56,23,75,12,8,83,87,1,74,12
240,20170201,138,55,55,70,9,40,4,100,2,37,4,7,64,24,-3,6,0,0,198,22,7,4,20,2,10125,10170,1,10084,23,10,8,68,18,8,88,98,8,78,15
240,20170202,148,58,59,70,11,40,2,110,15,89,57,5,129,15,49,6,28,31,405,17,7,5,24,6,10042,10080,1,10013,24,41,4,74,15,7,88,96,3,75,14
240,20170203,157,37,41,50,1,20,15,80,1,84,62,21,114,13,47,24,17,19,288,0,-1,-1,1,4,10008,10030,10,9969,24,60,5,75,20,6,85,95,6,78,14
240,20170204,147,11,33,60,3,10,19,80,2,54,25,6,72,14,12,12,8,9,272,83,96,25,21,3,9992,10005,24,9973,1,22,23,70,11,6,92,98,22,83,14
240,20170205,3,5,22,40,1,10,6,100,15,40,16,6,61,15,-7,24,3,3,254,10,3,2,2,3,10041,10118,24,10005,3,1,7,61,17,8,93,98,5,85,18
240,20170206,96,13,20,40,22,10,3,60,10,44,16,5,62,13,4,6,0,0,175,0,0,0,1,2,10178,10197,17,10125,1,34,8,62,14,8,91,97,5,84,15
240,20170207,87,51,52,60,5,40,11,100,21,24,9,23,41,1,8,24,0,0,137,43,8,2,16,2,10174,10196,24,10162,13,18,14,57,5,8,92,95,16,88,2
240,20170208,61,64,64,70,9,60,1,110,13,-1,-9,24,9,1,-10,24,0,0,85,8,2,1,10,1,10252,10295,23,10199,1,25,10,56,22,8,89,95,10,84,23
240,20170209,68,60,60,70,3,50,15,100,2,-14,-20,22,-8,1,-21,24,0,0,137,0,-1,-1,1,1,10283,10297,7,10259,24,50,11,57,2,8,82,83,1,80,18
240,20170210,70,45,45,60,4,30,16,100,9,-22,-40,5,-15,18,-47,6,0,0,128,8,1,1,22,1,10236,10256,2,10224,16,20,22,57,8,7,85,92,21,81,1
240,20170211,59,53,54,80,23,40,1,130,24,-4,-16,1,8,15,-19,6,1,1,200,69,60,18,24,2,10219,10226,9,10211,14,2,24,42,8,8,90,98,11,85,14
240,20170212,74,65,65,80,1,40,22,120,1,3,-13,1,20,15,-12,24,40,41,569,15,8,4,3,6,10262,10297,24,10221,1,7,2,56,9,4,85,94,2,79,15
240,20170213,78,61,61,80,19,50,1,120,20,16,-15,7,53,15,-19,12,87,89,805,0,0,0,1,9,10288,10301,1,10275,16,40,2,60,24,0,77,88,7,69,15
240,20170214,106,37,39,60,2,10,22,100,2,37,-3,7,89,15,-27,24,87,88,809,0,0,0,1,10,10290,10311,24,10270,3,57,5,63,13,0,69,78,21,56,14
240,20170215,169,32,36,50,17,20,1,80,20,68,11,7,129,15,-18,6,81,82,755,2,2,2,20,10,10307,10322,8,10295,19,56,22,64,13,2,77,96,24,61,13
240,20170216,232,49,52,70,13,40,1,100,11,62,30,1,95,14,15,6,26,26,477,0,0,0,1,6,10282,10300,1,10253,24,16,7,70,24,6,92,98,5,83,24
240,20170217,290,46,50,80,3,10,22,120,3,69,51,24,82,13,51,24,0,0,248,2,1,1,4,3,10259,10282,24,10237,6,4,24,70,1,8,91,98,21,81,1
240,20170218,195,28,30,40,12,10,4,60,8,43,17,24,88,15,-16,24,27,27,455,0,0,0,1,6,10260,10281,1,10232,24,1,5,60,16,7,94,98,1,78,15
240,20170219,240,44,50,70,10,30,20,100,10,64,20,1,101,14,6,6,36,35,526,7,3,2,10,7,10204,10224,1,10196,13,25,9,65,24,7,90,96,1,80,14
240,20170220,244,65,71,90,15,40,2,140,16,91,73,1,110,23,70,6,7,7,240,44,24,7,19,3,10149,10189,1,10128,16,18,7,70,22,8,93,97,7,86,23
240,20170221,258,56,65,120,24,40,18,180,24,91,71,7,106,14,61,6,69,67,830,15,13,6,22,12,10131,10157,11,10076,24,24,21,73,16,8,84,95,21,70,14
240,20170222,250,94,97,130,2,60,15,200,2,89,73,15,101,10,72,18,0,0,201,109,146,35,15,3,10048,10070,1,10039,24,32,13,70,17,8,91,96,13,86,10
240,20170223,248,108,127,170,13,30,3,280,18,77,41,22,105,13,34,24,6,6,230,115,94,19,5,3,9930,10033,1,9851,15,32,10,70,9,8,85,97,4,66,15
240,20170224,289,44,50,90,1,20,19,140,1,44,-1,23,82,13,-16,24,72,69,858,2,1,1,2,11,10132,10196,22,10020,1,61,1,80,10,3,79,96,24,62,13
240,20170225,208,73,74,100,18,40,1,150,15,58,11,1,87,20,-2,6,3,3,314,41,17,6,22,4,10151,10197,1,10107,24,59,24,75,13,8,82,95,1,72,15
240,20170226,212,79,80,100,18,70,11,150,18,87,69,7,106,21,66,6,0,0,182,16,13,6,4,3,10078,10100,1,10047,24,19,10,75,21,8,88,95,10,74,21
240,20170227,194,86,89,110,19,70,1,180,20,83,43,24,102,3,39,24,2,2,176,49,67,22,14,2,9938,10041,1,9864,24,58,8,75,1,7,83,94,13,76,5
240,20170228,219,76,78,110,5,50,19,150,2,44,21,6,66,11,20,6,27,25,537,27,33,13,7,7,9886,9931,23,9857,4,42,6,75,14,7,85,93,6,77,14
240,20170301,232,41,48,70,7,30,4,110,14,61,36,1,89,13,32,6,34,31,616,46,32,11,20,8,9973,10001,12,9928,3,44,24,82,14,7,86,96,22,63,14
240,20170302,249,86,90,140,5,40,2,230,5,63,28,24,84,14,16,24,24,22,557,48,48,20,3,7,10058,10133,22,9954,3,50,2,75,14,7,81,95,1,71,12
240,20170303,145,45,48,70,15,20,24,110,12,58,12,3,89,22,0,6,16,15,445,5,1,1,12,6,10034,10126,1,9947,24,59,3,75,13,7,81,96,4,69,11
240,20170304,183,30,42,70,12,10,19,110,12,86,60,1,131,13,31,6,10,9,409,32,32,14,21,6,9920,9940,24,9897,14,58,21,75,11,8,86,93,18,74,13
240,20170305,183,66,70,100,13,40,23,150,13,68,41,24,110,13,31,24,44,40,754,36,36,13,17,10,9951,9967,8,9937,15,61,16,80,12,6,85,94,23,60,13
240,20170306,360,2,22,30,1,10,5,90,17,59,25,3,100,14,10,6,44,39,854,13,25,23,17,11,10013,10086,24,9965,2,40,8,76,14,6,89,97,5,67,14
240,20170307,279,33,38,50,11,20,5,80,10,66,41,24,90,14,32,24,15,13,540,0,0,0,1,7,10148,10191,21,10093,1,32,6,75,14,8,87,97,1,77,14
240,20170308,205,32,55,100,9,20,20,150,10,59,21,24,101,14,0,24,0,0,178,81,137,36,13,2,10131,10179,1,10089,13,26,12,65,16,7,94,98,12,88,4
240,20170309,283,50,63,120,14,10,3,180,14,73,11,3,122,13,-5,6,54,47,906,8,2,1,8,12,10191,10267,24,10151,9,1,4,81,14,5,87,99,8,64,14
240,20170310,161,16,23,40,23,10,4,60,12,66,-5,6,116,12,-41,12,81,71,1167,0,0,0,1,16,10272,10289,9,10250,23,4,6,81,19,4,73,98,3,50,14
240,20170311,122,24,25,40,22,10,3,60,22,77,25,3,125,15,-9,6,31,27,740,0,0,0,1,10,10208,10246,1,10172,24,67,8,80,14,8,70,82,3,53,14
240,20170312,107,29,31,40,1,10,19,70,9,89,44,6,152,16,-10,24,97,84,1242,0,0,0,1,18,10156,10189,24,10140,14,75,1,83,18,8,62,76,23,43,14
240,20170313,290,24,29,50,12,0,4,80,10,63,5,6,123,14,-29,6,88,76,1131,0,0,0,1,15,10262,10313,22,10197,1,56,8,74,15,7,86,95,4,68,14
240,20170314,239,43,46,80,12,10,3,110,12,81,33,3,136,11,10,6,42,36,954,0,0,0,1,13,10307,10317,20,10298,6,50,15,64,1,8,89,95,1,74,11
240,20170315,290,19,23,40,11,10,2,90,16,89,43,22,135,15,-4,24,100,85,1439,0,0,0,1,20,10318,10333,11,10290,24,57,2,76,12,4,70,97,4,44,12
240,20170316,220,32,38,70,12,10,1,100,13,99,28,6,165,14,-13,6,107,90,1394,0,0,0,1,20,10221,10285,1,10161,24,42,22,67,9,1,76,90,2,57,13
240,20170317,255,76,83,130,24,50,1,200,24,81,65,8,105,14,57,12,43,36,912,44,40,15,23,13,10134,10171,10,10035,24,29,22,78,18,8,74,92,22,58,13
240,20170318,261,63,68,140,3,20,17,230,2,91,76,20,115,10,74,24,3,3,252,60,47,12,14,4,10062,10094,20,10014,3,25,23,70,8,8,92,98,19,86,6
240,20170319,241,97,98,120,13,50,1,180,9,113,95,1,136,14,93,6,45,37,902,18,10,6,2,14,10062,10082,1,10052,16,33,1,68,7,8,86,98,2,74,14
240,20170320,233,96,97,150,17,50,23,220,17,103,82,24,113,14,73,24,2,2,201,53,33,10,9,3,10043,10064,2,10023,18,26,9,75,17,8,89,94,9,76,17
240,20170321,243,61,68,110,10,40,22,160,10,71,29,24,95,12,12,24,101,83,1448,0,0,0,1,20,10088,10127,22,10043,2,59,3,80,10,6,72,93,3,51,13
240,20170322,137,44,48,70,11,30,1,120,13,71,12,6,128,14,-1,6,80,65,1435,0,0,0,1,19,10131,10145,23,10122,15,62,8,82,18,4,66,87,1,44,15
240,20170323,62,55,56,90,22,20,4,130,22,82,19,5,132,15,-11,6,103,84,1586,0,0,0,1,22,10182,10249,24,10146,1,59,23,79,15,2,71,86,6,56,15
240,20170324,61,64,65,80,13,50,3,130,15,86,48,6,132,14,38,6,107,86,1629,0,0,0,1,23,10298,10334,23,10255,1,58,2,81,18,5,70,86,6,50,16
240,20170325,48,56,56,70,12,40,2,120,18,87,39,5,135,14,19,6,108,87,1706,0,0,0,1,24,10301,10334,1,10268,24,70,24,83,17,4,57,83,24,24,12
240,20170326,59,44,45,70,16,30,20,120,16,81,54,6,115,15,39,24,96,77,1499,0,0,0,1,21,10258,10268,8,10246,17,60,22,75,3,8,79,89,23,70,9
240,20170327,106,23,29,50,12,10,21,90,12,104,24,5,179,14,-7,6,115,91,1777,0,0,0,1,26,10228,10248,1,10208,17,56,3,82,18,3,63,93,5,35,14
240,20170328,238,35,40,80,20,0,2,120,20,117,34,5,199,14,-22,6,117,92,1676,0,0,0,1,26,10206,10218,23,10198,5,59,15,72,18,4,67,90,3,38,12
240,20170329,237,69,70,90,8,30,24,150,11,124,105,5,144,14,99,6,9,7,681,4,1,1,3,11,10228,10241,21,10212,5,61,3,81,19,8,78,89,4,64,19
240,20170330,187,43,48,70,10,30,18,110,12,157,96,6,215,14,84,6,80,63,1469,0,0,0,1,25,10213,10237,1,10167,24,69,5,81,17,7,66,86,1,46,16
240,20170331,200,40,53,100,14,30,24,150,14,138,80,23,219,13,58,24,58,45,1233,0,-1,-1,1,20,10124,10159,1,10106,11,67,14,80,8,8,71,87,23,50,12
240,20170401,210,20,31,50,9,10,3,70,8,101,58,5,138,14,15,6,2,2,645,7,1,1,10,9,10120,10143,23,10104,7,34,5,80,14,7,84,98,5,69,14
240,20170402,291,18,34,50,12,20,1,120,20,100,50,4,158,12,4,6,120,92,1884,0,0,0,1,28,10211,10270,24,10147,1,44,19,80,15,2,82,96,4,59,13
240,20170403,134,12,17,20,2,10,1,50,10,91,52,24,132,16,14,24,40,31,1009,0,0,0,1,14,10267,10283,9,10247,24,32,24,69,18,5,84,94,23,68,16
240,20170404,306,11,25,50,15,10,1,80,15,99,45,3,166,14,1,6,85,65,1554,0,0,0,1,23,10248,10265,22,10235,5,22,24,80,14,2,78,98,1,50,11
240,20170405,323,50,50,70,13,30,1,110,13,90,54,1,123,11,15,6,82,62,1572,0,0,0,1,22,10274,10284,20,10259,2,19,1,75,8,6,78,97,1,60,11
240,20170406,321,35,41,60,1,20,5,100,1,80,48,5,117,13,18,24,38,29,1062,0,-1,-1,1,15,10287,10300,11,10269,24,61,2,74,13,6,75,87,20,59,13
240,20170407,292,42,45,60,11,20,23,90,12,106,76,1,147,12,69,6,79,59,1813,0,0,0,1,27,10256,10265,1,10251,5,59,7,82,12,7,77,89,22,62,12
240,20170408,297,17,21,40,17,10,11,90,17,102,50,23,153,15,5,24,65,48,1523,0,0,0,1,22,10249,10260,10,10239,17,62,4,82,11,4,75,95,23,52,14
240,20170409,180,26,30,50,24,10,5,140,24,127,45,4,203,16,1,6,123,91,2054,0,0,0,1,32,10214,10243,8,10166,23,57,7,67,1,1,65,89,2,41,15
240,20170410,311,56,58,80,15,20,24,140,1,92,39,24,132,1,8,24,62,46,1347,0,-1,-1,1,19,10225,10258,22,10170,1,59,2,81,12,5,74,84,2,57,11
240,20170411,255,51,54,70,10,20,1,110,10,98,38,1,135,13,3,6,103,76,1831,0,0,0,1,27,10246,10263,11,10205,24,68,23,82,7,6,71,83,4,55,7
240,20170412,257,68,70,100,12,30,23,140,12,99,70,24,115,12,54,24,9,7,680,13,6,3,21,10,10153,10196,1,10129,21,50,17,73,8,8,82,94,24,72,12
240,20170413,287,48,53,70,12,30,1,100,12,87,43,23,124,13,27,24,66,48,1460,0,0,0,1,21,10155,10167,16,10127,1,60,24,76,14,5,77,94,24,60,13
240,20170414,241,48,51,80,15,20,1,130,24,99,42,1,134,14,28,6,48,35,1187,12,9,6,24,17,10151,10163,10,10123,24,58,2,83,10,7,73,93,2,48,15
240,20170415,280,70,74,100,12,30,24,140,2,93,53,24,116,10,37,24,45,32,1313,28,27,10,2,19,10147,10174,24,10116,2,56,2,81,18,7,75,94,2,57,17
240,20170416,294,41,44,70,10,10,22,130,10,77,47,1,108,15,27,6,29,21,1036,43,61,18,23,14,10190,10199,14,10172,1,57,9,79,17,6,78,92,2,67,17
240,20170417,339,46,49,90,14,0,2,170,15,67,27,24,112,12,3,24,99,71,1841,37,52,25,1,25,10204,10235,23,10171,3,33,1,81,9,5,71,95,3,49,13
240,20170418,18,33,46,70,15,20,2,110,16,64,17,2,110,14,-19,6,102,72,1733,19,27,8,4,23,10285,10350,24,10232,1,58,4,83,18,4,69,92,5,54,17
240,20170419,59,23,25,50,14,0,24,90,15,51,3,4,94,16,-43,24,79,56,1734,0,0,0,1,22,10369,10378,23,10350,1,75,4,83,8,5,56,79,23,39,10
240,20170420,240,33,37,60,14,0,1,90,12,75,0,4,121,14,-60,6,115,81,2100,0,0,0,1,29,10354,10374,1,10319,24,67,24,81,8,7,63,88,4,49,11
240,20170421,269,49,55,70,12,40,1,100,12,108,74,24,137,12,71,24,3,2,928,17,11,7,21,14,10285,10313,1,10262,22,38,4,75,15,8,81,95,22,70,15
240,20170422,322,53,54,90,15,20,2,140,11,78,40,24,114,13,24,24,68,47,1613,19,12,6,23,22,10265,10274,11,10260,3,58,24,80,11,7,70,91,2,53,13
240,20170423,293,28,38,70,12,20,1,100,8,71,28,5,114,14,-8,6,68,47,1622,8,8,7,8,22,10254,10271,8,10210,24,63,6,82,12,7,74,88,4,58,13
240,20170424,244,55,62,90,10,30,21,130,10,92,60,2,124,12,47,6,19,13,882,26,22,11,19,13,10127,10198,1,10061,24,59,10,75,1,8,80,94,19,71,8
240,20170425,289,58,64,90,8,10,23,170,8,60,29,24,99,14,16,24,76,52,1675,18,21,5,24,22,10086,10106,15,10054,5,61,15,82,13,5,75,90,23,48,13
240,20170426,331,29,35,70,15,10,3,130,14,57,-2,4,110,14,-27,6,80,55,1786,12,11,6,6,23,10136,10167,22,10103,1,63,5,83,17,4,73,97,2,52,13
240,20170427,259,41,43,70,13,10,2,120,13,69,4,3,106,14,-39,6,75,51,1663,7,17,15,24,22,10160,10170,7,10138,24,60,24,82,16,6,71,91,24,52,14
240,20170428,296,33,37,70,15,10,5,110,14,78,43,4,118,14,4,24,79,54,1739,19,35,22,2,24,10148,10173,23,10130,4,58,2,82,14,6,76,97,4,56,17
240,20170429,95,13,24,40,18,10,3,60,9,82,21,2,137,12,-17,6,67,45,1581,0,0,0,1,22,10175,10185,9,10158,24,65,1,83,17,3,71,94,4,50,16
240,20170430,108,69,70,100,12,40,1,160,12,130,52,5,192,15,37,6,115,78,2324,0,0,0,1,37,10088,10155,1,10040,24,75,1,83,17,5,48,70,1,32,13
240,20170501,144,33,40,70,1,10,20,110,1,119,92,21,144,15,63,24,7,5,970,19,4,2,7,15,10107,10168,24,10037,1,61,23,83,1,8,69,92,24,50,1
240,20170502,42,30,35,70,17,0,3,100,16,113,79,24,154,15,55,6,44,29,1317,34,19,10,23,20,10178,10197,23,10167,2,30,5,81,17,7,81,98,5,55,17
240,20170503,55,41,43,60,11,10,24,90,8,109,79,1,143,18,76,6,24,16,943,39,31,12,5,14,10204,10218,22,10189,4,36,5,72,17,8,83,95,5,66,17
240,20170504,50,70,70,90,10,30,1,150,16,106,86,6,128,14,80,6,34,23,1535,0,-1,-1,1,23,10212,10233,24,10202,4,60,1,75,3,7,77,87,1,70,9
240,20170505,57,51,53,80,7,30,20,130,6,94,78,5,111,13,75,6,0,0,676,2,1,1,1,10,10209,10229,1,10176,24,60,24,75,3,8,79,83,2,73,14
240,20170506,53,53,54,70,11,40,3,110,13,124,67,3,175,16,58,6,127,84,2501,0,0,0,1,39,10131,10169,1,10107,17,50,3,72,19,5,76,92,3,56,16
240,20170507,331,45,48,70,15,30,1,100,14,111,85,23,156,14,78,6,53,35,1632,0,-1,-1,1,25,10171,10196,21,10133,1,50,2,76,13,7,82,94,2,68,13
240,20170508,360,45,53,90,16,30,7,140,15,98,38,24,154,13,29,24,77,50,1742,0,-1,-1,1,25,10218,10253,23,10189,3,59,8,81,12,4,72,90,5,42,15
240,20170509,330,31,32,60,17,10,24,90,16,86,29,4,132,13,0,6,99,64,2056,0,0,0,1,29,10205,10250,1,10152,24,65,4,81,12,6,69,92,4,51,12
240,20170510,79,12,22,40,19,0,1,60,19,93,38,4,143,17,-2,6,69,45,1817,0,0,0,1,26,10092,10144,1,10042,24,70,1,82,9,4,70,89,4,52,15
240,20170511,102,34,40,60,9,20,23,90,9,157,54,3,230,14,28,6,121,78,2363,0,-1,-1,1,40,9985,10036,1,9953,18,65,8,82,20,3,60,84,24,37,13
240,20170512,181,32,40,60,10,20,23,90,10,154,123,23,204,17,114,24,26,17,1156,66,89,22,7,19,10005,10050,24,9966,1,47,7,79,16,7,86,96,7,56,16
240,20170513,215,34,41,60,16,20,1,90,16,139,92,24,182,12,78,24,17,11,1054,11,25,20,7,17,10105,10160,24,10050,1,35,24,76,17,6,85,96,3,67,17
240,20170514,224,35,45,90,15,10,23,140,15,138,86,23,202,11,42,24,99,63,2079,4,25,25,14,33,10203,10256,24,10164,1,21,1,81,16,3,76,98,1,50,11
240,20170515,192,33,37,70,15,10,1,100,14,149,73,2,206,14,45,6,87,55,2137,21,3,1,17,35,10274,10289,10,10258,1,62,2,82,15,5,73,96,2,43,14
240,20170516,223,37,44,70,15,10,24,110,15,201,159,4,258,14,151,6,33,21,1758,0,-1,-1,1,32,10252,10261,7,10240,24,75,1,83,19,8,65,80,4,47,14
240,20170517,139,25,33,60,15,10,1,100,15,223,161,3,285,16,149,6,87,55,2337,0,0,0,1,44,10157,10235,1,10076,23,61,8,83,23,7,61,87,3,39,15
240,20170518,23,14,45,80,24,20,12,120,23,152,130,6,207,1,131,6,32,20,1260,35,12,4,4,21,10108,10132,10,10067,24,41,3,80,13,8,85,96,5,69,13
240,20170519,217,48,67,100,7,30,22,150,5,129,97,24,164,4,85,24,20,13,824,5,46,46,1,13,10105,10150,24,10049,3,43,3,75,10,8,81,95,1,70,18
240,20170520,214,34,39,60,9,10,23,100,10,134,90,4,175,12,47,24,114,72,2087,0,-1,-1,1,33,10202,10250,24,10151,1,50,4,83,18,4,71,95,4,51,17
240,20170521,104,6,30,40,7,10,1,80,10,144,72,3,199,14,34,6,97,61,2099,0,0,0,1,34,10254,10272,8,10227,24,59,4,82,16,5,71,97,4,48,16
240,20170522,118,16,28,50,11,10,4,90,11,180,97,3,241,15,30,6,120,75,2590,0,0,0,1,45,10180,10223,1,10143,24,65,2,82,16,4,61,93,4,36,14
240,20170523,295,41,43,80,10,10,1,110,11,154,115,23,190,12,71,6,120,75,2605,0,0,0,1,43,10193,10236,21,10142,2,61,4,82,18,7,70,85,3,57,14
240,20170524,312,32,36,70,14,10,2,100,14,155,100,24,211,12,69,24,91,56,2343,0,0,0,1,39,10242,10254,23,10226,4,57,24,81,14,7,78,97,24,56,12
240,20170525,49,24,27,50,23,10,2,80,23,172,91,4,222,12,59,6,147,91,2834,0,0,0,1,49,10247,10260,8,10233,19,4,4,82,8,0,72,99,4,54,11
240,20170526,82,43,45,60,14,20,3,90,12,204,122,4,256,15,96,6,148,91,2873,0,0,0,1,53,10209,10236,4,10180,19,70,2,83,18,0,62,82,2,46,19
240,20170527,166,27,55,90,17,30,23,140,17,223,165,4,306,16,151,6,138,85,2766,0,0,0,1,52,10166,10181,3,10145,15,75,3,83,21,2,59,76,24,35,16
240,20170528,285,18,35,50,13,20,1,80,16,189,146,2,234,15,134,6,130,80,2646,0,0,0,1,47,10179,10189,9,10160,24,70,1,83,15,5,66,83,2,49,15
240,20170529,344,3,38,60,7,20,17,180,5,207,153,3,269,13,142,6,101,62,2365,7,70,65,5,44,10123,10159,1,10108,18,30,5,80,9,8,75,95,5,62,12
240,20170530,244,63,63,90,15,40,1,130,16,172,155,24,194,15,150,24,17,10,995,5,2,1,10,17,10147,10184,24,10115,2,30,10,80,15,7,82,94,10,68,15
240,20170531,308,27,34,50,1,10,24,90,15,166,113,24,208,12,56,24,135,82,2683,0,0,0,1,46,10220,10236,22,10188,1,61,3,82,17,3,71,91,2,54,18
240,20170601,89,16,18,30,6,10,2,50,13,170,87,4,229,16,42,6,149,91,2868,0,0,0,1,49,10218,10239,6,10189,24,65,3,83,20,2,60,92,3,41,16
240,20170602,10,17,23,50,14,0,5,90,13,203,126,4,250,12,84,6,117,71,2466,0,0,0,1,45,10164,10186,1,10138,24,70,3,83,19,5,59,88,4,39,11
240,20170603,288,26,35,70,13,10,1,100,13,177,135,23,221,12,125,24,81,49,1998,12,24,12,8,35,10130,10136,1,10124,12,57,8,80,1,7,79,92,22,65,1
240,20170604,253,45,50,80,12,20,1,120,12,154,111,23,190,8,83,24,129,78,2679,0,0,0,1,45,10153,10166,14,10132,2,56,4,82,18,3,71,94,4,51,15
240,20170605,204,32,48,80,11,10,20,130,11,170,114,1,212,14,97,6,76,46,2009,0,0,0,1,35,10101,10152,1,10012,24,70,1,83,22,8,64,83,3,52,11
240,20170606,206,84,98,150,15,50,2,240,15,144,112,18,178,1,108,18,20,12,964,40,85,42,18,16,9976,10013,24,9941,8,49,18,83,1,8,74,92,8,56,1
240,20170607,241,106,108,120,2,70,24,210,9,143,121,9,182,16,117,6,37,22,1070,24,22,7,10,17,10086,10144,24,10017,1,58,9,80,16,8,71,81,9,58,15
240,20170608,210,51,59,90,9,20,22,130,9,163,121,5,225,16,120,6,49,29,1750,28,18,11,4,30,10123,10144,1,10092,24,31,4,80,15,8,77,96,4,52,15
240,20170609,240,45,59,90,14,30,1,130,3,161,128,23,191,16,117,24,74,44,1738,50,140,56,8,29,10116,10163,24,10077,5,34,8,75,1,5,81,96,8,60,15
240,20170610,211,42,45,60,10,20,4,100,11,180,118,4,236,17,102,6,103,62,2287,0,0,0,1,40,10182,10194,10,10166,1,59,4,83,21,3,71,97,4,51,16
240,20170611,227,46,52,90,16,20,2,140,12,197,129,4,269,13,103,6,93,56,2485,0,0,0,1,45,10142,10175,1,10116,19,66,24,82,18,4,67,86,3,49,13
240,20170612,255,79,80,110,13,40,23,150,7,163,145,3,191,14,136,6,40,24,1616,0,0,0,1,27,10156,10178,21,10125,1,66,1,76,16,7,71,80,22,64,13
240,20170613,293,37,40,60,10,10,23,90,10,162,114,24,201,13,71,24,130,78,2800,0,0,0,1,47,10195,10208,23,10178,2,65,24,82,12,3,71,94,24,57,12
240,20170614,86,20,25,40,16,10,1,70,12,181,102,3,238,15,57,6,149,89,2944,0,0,0,1,52,10188,10211,6,10158,24,57,3,83,19,3,68,98,3,43,13
240,20170615,239,38,57,100,13,20,5,140,13,198,147,3,256,12,128,6,107,64,2519,0,0,0,1,46,10137,10152,1,10124,10,61,22,81,16,5,67,87,22,53,15
240,20170616,295,58,62,90,11,30,20,120,11,161,133,22,184,11,122,24,58,35,1683,0,0,0,1,28,10216,10252,22,10156,1,70,5,82,18,7,70,78,22,62,17
240,20170617,288,32,37,50,7,10,23,80,11,186,149,24,229,13,102,24,78,46,2146,0,0,0,1,38,10257,10266,22,10243,4,60,23,80,13,4,77,96,23,66,13
240,20170618,94,14,19,40,19,0,1,60,16,214,124,3,274,14,86,6,152,91,2946,0,0,0,1,55,10243,10260,1,10224,24,56,2,82,19,0,70,98,1,47,15
240,20170619,37,15,25,60,16,10,4,100,16,242,168,3,298,15,131,6,143,85,2785,0,0,0,1,54,10194,10220,1,10175,17,65,3,82,19,2,65,93,3,44,13
240,20170620,49,47,48,70,21,20,1,110,21,211,158,24,252,12,150,24,99,59,2388,0,0,0,1,44,10187,10199,24,10172,3,59,5,80,8,7,71,83,3,62,10
240,20170621,73,39,41,60,2,20,20,90,2,207,139,4,264,16,134,6,131,78,2649,0,0,0,1,49,10169,10198,1,10125,24,75,1,81,15,8,65,78,4,49,15
240,20170622,250,53,63,90,17,20,3,160,15,216,165,24,284,11,159,24,64,38,1905,12,68,58,15,36,10103,10128,24,10091,15,8,15,81,10,7,73,98,15,43,12
240,20170623,247,68,70,100,12,40,1,140,12,186,163,4,214,12,155,6,56,33,2022,1,1,1,23,36,10146,10158,14,10127,2,56,23,80,7,7,74,91,23,62,15
240,20170624,239,77,78,90,11,70,2,140,14,181,164,8,201,16,164,12,13,8,937,18,17,9,7,16,10127,10143,1,10102,24,27,6,75,14,8,85,94,7,76,13
240,20170625,255,66,68,90,11,40,24,120,10,173,158,14,196,17,161,18,7,4,900,21,41,15,5,16,10106,10121,14,10091,4,49,14,80,12,8,84,94,22,68,12
240,20170626,322,29,38,50,8,20,5,80,8,161,120,24,195,14,95,24,115,69,2629,0,0,0,1,44,10136,10148,14,10114,1,65,1,82,19,4,68,92,1,54,11
240,20170627,74,49,50,70,23,30,1,100,12,175,114,3,225,12,94,6,49,29,1977,9,11,10,24,34,10080,10136,1,10007,24,56,24,81,8,8,69,94,24,53,12
240,20170628,184,21,48,70,1,30,22,100,1,179,145,23,225,11,134,24,1,1,749,39,17,6,17,13,9955,9995,1,9942,24,50,13,67,14,8,89,94,1,71,11
240,20170629,226,30,37,50,7,20,17,90,11,171,137,24,209,14,118,24,24,14,1224,3,6,6,18,21,9969,10006,23,9941,2,59,11,75,7,8,81,92,24,70,13
240,20170630,259,28,37,60,15,10,2,90,24,164,121,3,196,13,89,6,5,3,1211,45,56,17,24,21,10032,10056,21,10005,1,50,24,80,14,8,85,98,4,69,14
240,20170701,320,41,48,70,12,20,21,120,13,163,131,21,204,13,106,24,25,15,1080,49,46,20,1,18,10108,10163,23,10049,3,50,1,75,12,7,85,97,4,73,13
240,20170702,284,41,50,70,12,30,1,100,5,158,106,24,195,13,89,24,71,43,1991,2,1,1,6,33,10191,10225,22,10149,4,57,5,80,17,5,77,92,4,62,13
240,20170703,235,57,63,100,12,30,1,150,14,172,105,2,222,11,82,6,83,50,2062,1,3,3,23,36,10201,10222,1,10193,17,60,24,80,11,5,77,94,24,59,10
240,20170704,53,16,20,30,15,0,3,80,20,182,135,3,228,15,103,6,79,47,2373,0,0,0,1,42,10201,10215,9,10186,23,26,3,83,16,6,69,98,1,51,13
240,20170705,315,26,29,60,16,10,1,90,13,190,132,3,239,13,99,6,130,78,2637,0,0,0,1,47,10185,10197,22,10176,4,66,23,83,12,3,73,89,4,54,15
240,20170706,84,21,30,60,23,10,1,110,24,204,133,4,268,15,84,6,82,49,2148,33,165,127,24,39,10170,10193,1,10136,23,36,4,82,10,5,76,98,4,49,10
240,20170707,264,26,35,70,12,0,23,100,12,198,164,24,248,11,130,24,80,48,2178,10,81,81,1,40,10147,10168,21,10126,5,50,8,75,18,8,85,95,2,72,16
240,20170708,316,24,30,60,13,10,2,100,13,181,115,24,230,12,73,24,34,21,1603,7,4,4,6,28,10171,10180,21,10159,4,56,6,81,8,7,77,94,1,62,8
240,20170709,41,17,23,40,16,10,1,90,11,178,99,4,229,14,45,6,148,89,2809,0,0,0,1,49,10141,10169,1,10105,24,65,3,83,17,4,68,92,3,50,12
240,20170710,228,19,34,80,14,10,3,110,14,192,154,24,250,13,125,24,29,18,1640,3,1,1,17,29,10084,10102,1,10075,13,66,23,81,9,7,73,88,23,50,12
240,20170711,236,43,48,60,7,30,20,100,16,182,153,24,211,16,146,6,33,20,1428,26,36,19,24,25,10099,10110,14,10080,3,58,24,82,16,8,78,94,24,61,16
240,20170712,354,30,49,90,13,20,22,150,13,155,122,22,192,16,80,24,51,31,1310,111,230,43,9,22,10134,10224,24,10063,7,39,5,82,17,7,80,97,3,56,15
240,20170713,352,10,15,40,15,0,3,70,14,153,99,3,197,15,49,6,46,28,1484,0,0,0,1,25,10216,10236,8,10181,24,65,2,82,10,6,74,97,4,55,12
240,20170714,289,45,53,100,14,0,2,150,15,153,106,3,196,11,51,6,66,40,1646,10,63,50,10,27,10173,10200,24,10154,10,59,6,82,17,6,79,97,2,63,17
240,20170715,249,39,43,60,13,20,4,100,14,173,111,4,221,16,69,6,55,34,1987,9,2,2,20,34,10216,10223,12,10203,1,56,24,83,8,8,72,94,24,54,14
240,20170716,254,29,42,60,10,10,22,80,2,182,160,1,206,12,158,6,0,0,652,26,19,11,21,11,10219,10226,15,10209,3,29,6,74,11,8,89,97,20,80,11
240,20170717,349,23,24,50,17,10,4,70,14,180,128,5,226,15,85,6,137,84,2631,0,0,0,1,46,10230,10238,8,10222,2,24,4,82,19,4,69,98,4,49,15
240,20170718,64,45,46,60,13,10,1,100,19,195,129,4,244,16,82,6,112,69,2372,0,0,0,1,43,10186,10224,1,10133,24,70,1,82,17,5,70,89,1,56,15
240,20170719,142,25,52,90,14,20,24,140,15,229,179,3,301,14,170,6,80,49,1966,1,1,1,24,38,10085,10126,1,10067,16,62,24,80,10,7,69,90,24,49,15
240,20170720,225,37,46,100,18,20,1,160,16,191,144,24,234,15,132,24,18,11,1082,10,20,16,13,19,10085,10128,24,10066,4,59,2,75,12,7,84,94,1,71,14
240,20170721,127,29,40,70,23,30,1,100,23,184,126,3,222,15,116,6,129,80,2424,0,0,0,1,43,10124,10141,8,10099,23,65,3,83,19,4,65,92,3,46,17
240,20170722,171,22,36,70,11,0,22,130,11,192,145,24,246,11,128,6,65,40,1731,14,14,8,21,31,10105,10115,15,10094,2,61,15,81,8,6,74,92,21,51,11
240,20170723,215,45,51,80,10,10,1,120,10,163,133,24,202,16,119,6,61,38,1694,38,89,25,24,29,10111,10118,13,10101,24,60,22,81,15,6,80,95,1,62,15
240,20170724,317,17,31,50,15,20,4,80,15,156,116,4,193,14,94,6,35,22,1211,28,51,17,9,20,10099,10124,24,10083,6,57,8,75,7,7,84,98,4,70,16
240,20170725,323,52,53,100,15,20,3,140,14,165,123,2,202,14,104,6,43,27,1394,17,46,29,7,24,10112,10120,1,10105,14,60,17,80,11,5,85,97,24,66,14
240,20170726,225,29,39,70,24,10,1,130,19,186,130,1,235,15,103,6,81,51,2128,20,14,6,23,38,10085,10109,2,10051,24,32,23,81,12,6,80,97,1,58,14
240,20170727,246,60,63,80,15,40,5,130,16,182,164,24,211,13,157,24,45,28,1728,1,1,1,24,30,10063,10070,10,10047,4,65,1,80,17,8,73,91,1,50,17
240,20170728,223,74,79,110,14,40,1,170,14,177,158,1,210,13,149,6,43,27,1560,18,24,16,2,27,10094,10113,19,10066,1,18,5,80,9,8,78,93,2,57,13
240,20170729,218,50,58,100,4,10,19,160,4,185,164,1,231,12,159,6,35,22,1535,84,293,86,20,27,10088,10105,13,10064,24,27,5,82,11,8,85,98,21,57,12
240,20170730,219,54,64,100,11,30,1,160,10,183,142,22,216,10,128,24,81,52,1654,10,23,15,12,29,10069,10110,23,10030,5,56,11,81,17,6,80,96,1,58,18
240,20170731,225,35,43,70,10,10,21,120,11,182,133,2,222,12,123,6,94,60,2184,0,-1,-1,1,38,10130,10145,22,10109,1,69,20,81,11,7,74,89,24,57,12
240,20170801,241,24,30,50,17,10,1,80,16,182,128,4,229,16,86,6,59,38,1739,0,0,0,1,31,10151,10164,22,10138,1,57,2,83,18,8,71,96,4,44,18
240,20170802,202,43,49,90,17,20,1,140,17,183,154,1,218,14,126,6,27,17,1461,26,18,7,18,26,10151,10168,10,10117,24,61,22,82,15,8,74,92,23,49,14
240,20170803,222,90,96,150,13,40,5,220,13,191,170,2,221,14,164,6,80,52,1858,2,2,1,6,33,10084,10103,1,10068,7,60,8,77,11,6,73,90,1,54,13
240,20170804,236,78,79,110,11,40,22,170,12,186,162,24,215,12,155,24,72,47,1870,3,1,1,8,33,10107,10130,20,10081,4,64,1,81,13,6,73,91,24,55,11
240,20170805,275,30,40,70,15,10,6,140,19,165,119,24,205,11,107,24,47,31,1746,6,11,11,19,30,10151,10193,24,10121,2,62,6,83,17,7,78,95,3,57,11
240,20170806,240,36,42,70,15,20,5,110,12,163,107,5,211,13,88,24,127,83,2208,0,0,0,1,37,10217,10226,9,10196,1,65,1,83,13,2,70,94,2,51,15
240,20170807,225,17,33,50,8,20,1,80,9,165,111,2,216,13,76,6,115,76,2100,0,0,0,1,36,10181,10209,1,10150,24,65,4,81,11,7,76,92,23,58,12
240,20170808,301,12,38,60,18,20,10,100,18,166,129,22,195,11,121,6,12,8,544,37,47,16,15,9,10094,10140,1,10073,16,58,14,74,8,7,84,93,22,71,11
240,20170809,225,35,48,80,8,10,22,120,9,169,126,24,209,12,102,24,94,62,1905,6,20,17,5,33,10146,10195,23,10102,1,40,4,83,15,6,77,94,5,59,15
240,20170810,16,28,30,50,13,10,2,80,12,164,106,4,204,15,78,6,14,9,1177,8,2,2,24,20,10208,10216,11,10193,1,56,3,80,16,6,81,97,2,67,15
240,20170811,261,23,32,60,19,10,2,100,19,167,132,5,205,14,122,6,45,30,1468,8,4,4,1,25,10173,10201,1,10139,24,63,24,83,16,7,77,95,4,60,18
240,20170812,271,41,43,80,13,10,23,110,12,170,120,24,216,12,89,24,22,15,1038,67,81,19,5,18,10141,10170,23,10118,6,27,6,75,12,7,88,97,4,74,14
240,20170813,67,15,20,40,11,10,2,70,11,163,113,2,207,15,89,6,76,51,1582,3,4,4,5,27,10202,10221,20,10170,1,61,2,83,17,5,78,97,2,57,16
240,20170814,118,28,30,50,15,10,24,80,15,184,126,3,244,15,116,6,68,46,1804,0,0,0,1,32,10185,10213,1,10152,24,65,4,83,18,5,74,91,4,52,14
240,20170815,252,10,25,40,11,10,2,70,11,181,142,24,216,16,100,24,14,9,742,17,30,18,12,13,10152,10189,23,10132,10,37,24,75,15,7,85,97,24,73,8
240,20170816,178,21,27,50,11,0,1,80,12,174,112,4,230,16,85,6,54,37,1666,0,-1,-1,1,29,10198,10213,8,10174,24,0,4,82,15,6,82,99,1,48,15
240,20170817,188,49,54,70,13,40,1,110,19,175,151,1,202,18,133,6,12,8,484,41,39,13,9,8,10134,10166,1,10122,17,57,9,70,12,7,87,92,11,81,5
240,20170818,220,53,59,90,13,30,3,190,20,171,127,23,210,15,119,24,39,27,1262,6,31,28,20,22,10109,10120,1,10098,15,63,6,80,15,7,82,93,2,63,16
240,20170819,248,60,66,100,13,30,5,140,14,160,126,1,193,15,118,6,80,55,1665,34,182,135,4,28,10149,10181,24,10104,3,58,4,82,18,7,75,94,5,57,13
240,20170820,264,54,56,90,11,20,24,120,11,163,127,4,196,12,117,6,76,53,1807,0,-1,-1,1,31,10218,10237,21,10183,1,70,4,82,16,6,72,88,24,62,11
240,20170821,87,6,20,30,14,10,1,60,14,164,120,3,213,15,102,6,44,31,1206,8,6,2,4,21,10227,10236,8,10219,24,63,6,80,16,8,81,95,4,59,15
240,20170822,84,28,30,50,17,10,10,70,16,182,133,6,232,14,123,6,89,62,1844,0,0,0,1,32,10204,10221,1,10182,24,65,6,81,13,6,72,92,6,51,13
240,20170823,136,26,46,60,14,30,18,100,14,197,137,5,253,14,130,6,68,48,1656,0,-1,-1,1,30,10146,10180,1,10120,18,58,20,81,13,6,73,90,23,53,13
240,20170824,247,42,45,70,12,20,6,100,12,182,137,24,211,10,120,24,75,53,1590,0,0,0,1,28,10159,10177,21,10130,1,45,5,81,15,7,79,95,5,64,15
240,20170825,130,13,20,30,1,10,5,50,10,177,125,4,224,14,104,6,52,37,1398,0,0,0,1,24,10175,10187,8,10164,24,62,6,81,12,5,79,97,5,56,12
240,20170826,307,15,21,60,15,0,6,80,15,186,129,5,240,11,90,6,52,37,1473,0,-1,-1,1,26,10158,10171,24,10151,13,56,24,75,9,7,78,98,4,51,10
240,20170827,327,13,15,40,17,0,6,60,17,186,119,6,246,14,82,6,115,82,1941,0,0,0,1,34,10186,10197,22,10173,1,1,5,83,14,3,73,99,2,48,13
240,20170828,352,3,14,30,17,0,23,70,17,195,137,4,259,15,90,6,108,78,1894,0,0,0,1,34,10180,10194,1,10159,24,15,4,81,17,3,76,98,4,48,12
240,20170829,285,4,28,50,12,10,1,80,12,210,150,5,276,13,117,6,74,53,1672,0,-1,-1,1,31,10128,10155,1,10099,24,32,2,80,18,6,77,98,1,59,11
240,20170830,11,30,43,80,18,10,11,130,18,168,134,24,200,10,133,24,1,1,234,159,458,74,16,4,10087,10106,24,10072,16,31,4,70,21,8,94,98,5,86,21
240,20170831,286,30,35,60,12,10,22,110,12,148,98,24,196,13,65,24,66,48,1376,42,19,6,3,23,10166,10206,24,10106,1,46,1,82,16,5,80,97,1,57,14
240,20170901,35,10,19,30,13,10,1,100,20,147,89,4,188,11,62,6,60,44,1079,0,-1,-1,1,18,10207,10213,9,10202,4,61,3,83,18,4,76,97,2,49,17
240,20170902,333,21,23,60,16,0,1,90,16,144,89,3,193,15,55,24,110,81,1848,0,0,0,1,30,10207,10213,9,10197,24,60,3,83,9,2,76,97,3,56,14
240,20170903,157,15,20,40,13,0,1,80,15,146,74,6,204,15,46,6,94,69,1755,0,0,0,1,29,10160,10195,1,10139,17,59,7,80,9,4,78,98,5,56,13
240,20170904,164,32,36,50,11,10,1,80,11,170,112,1,216,14,82,6,55,41,1486,0,-1,-1,1,26,10149,10166,20,10133,4,50,24,81,14,8,75,92,24,55,13
240,20170905,209,43,48,70,10,30,24,110,17,186,165,1,222,13,158,24,15,11,772,2,1,1,17,14,10148,10160,1,10126,24,34,3,75,9,8,85,94,3,75,11
240,20170906,280,61,67,100,10,30,22,150,10,160,133,13,187,11,135,18,17,13,913,17,32,16,13,15,10149,10169,20,10112,3,56,3,79,19,8,78,96,3,68,15
240,20170907,238,47,53,70,11,30,1,120,21,162,139,1,193,12,129,6,24,18,1062,22,30,20,23,18,10127,10157,1,10065,24,58,24,80,8,8,75,92,24,62,11
240,20170908,211,59,63,90,4,20,22,140,6,149,126,21,168,16,125,24,0,0,272,161,672,168,8,4,9990,10056,1,9945,24,31,16,70,15,8,94,97,6,90,15
240,20170909,230,37,45,70,13,20,22,110,14,141,102,22,182,12,76,24,51,39,1038,67,70,21,4,17,9966,10008,24,9930,5,60,4,81,14,5,84,96,4,64,14
240,20170910,190,68,70,110,23,30,1,170,22,144,99,4,187,12,92,6,58,44,1129,15,5,2,24,18,9990,10020,8,9919,24,59,5,82,14,6,84,96,4,63,14
240,20170911,203,89,90,120,11,50,24,180,11,141,120,21,177,12,115,24,50,38,895,73,172,43,22,14,9932,9968,24,9914,3,36,22,76,11,7,86,95,23,67,11
240,20170912,241,66,74,100,10,50,2,140,10,149,128,24,175,12,123,24,85,66,1231,10,27,14,20,20,10030,10066,16,9975,1,57,20,80,13,6,75,87,20,64,11
240,20170913,238,100,111,160,7,50,21,260,8,147,121,22,176,15,116,24,46,36,1047,40,55,22,1,17,9961,9988,14,9902,5,58,2,81,15,7,72,95,2,54,15
240,20170914,273,61,67,110,9,40,20,180,10,127,99,24,159,10,84,24,23,18,610,57,136,39,13,10,10023,10104,24,9974,5,56,10,80,1,6,80,90,12,62,9
240,20170915,241,39,46,80,14,20,21,120,13,126,92,5,167,12,84,6,68,53,1271,74,102,33,3,20,10099,10106,3,10094,16,65,2,82,14,6,84,96,23,61,14
240,20170916,199,34,39,50,7,20,18,80,10,116,87,24,136,15,68,24,6,5,643,95,95,24,3,10,10101,10120,24,10086,4,57,7,75,15,8,90,97,24,78,16
240,20170917,225,12,24,40,12,10,1,80,16,119,60,5,163,13,39,6,86,68,1250,11,21,12,24,19,10123,10130,9,10115,4,20,3,80,15,8,84,98,2,65,16
240,20170918,266,23,30,50,10,10,3,80,13,122,84,3,169,14,61,6,48,38,1102,4,1,1,11,17,10128,10147,24,10117,4,56,24,80,13,6,87,98,4,66,13
240,20170919,319,19,23,50,16,10,5,100,12,127,95,5,171,15,71,24,62,50,1044,0,-1,-1,1,16,10184,10206,20,10149,1,1,6,82,11,8,84,100,5,64,11
240,20170920,223,34,38,70,15,10,1,100,15,143,106,1,180,14,91,6,43,35,945,5,5,3,5,15,10194,10200,1,10189,16,58,5,82,10,8,80,96,6,60,14
240,20170921,157,38,40,60,13,20,19,80,10,144,109,6,187,14,102,6,83,67,1264,0,0,0,1,21,10190,10195,8,10182,15,62,2,82,15,8,79,91,2,62,14
240,20170922,288,9,19,50,16,0,22,90,16,123,72,24,172,16,23,24,28,23,512,5,2,2,13,8,10208,10238,24,10186,4,11,24,75,16,5,90,98,23,77,16
240,20170923,91,13,16,30,16,0,24,60,16,122,63,3,184,14,23,6,102,84,1469,0,0,0,1,23,10240,10250,9,10232,15,3,24,82,15,1,81,99,24,52,13
240,20170924,74,25,27,50,15,10,1,100,16,135,69,5,190,14,39,6,84,69,1280,0,0,0,1,20,10229,10236,9,10222,16,1,7,64,17,1,88,99,4,71,12
240,20170925,69,35,36,50,10,10,7,80,8,146,102,1,180,13,80,6,37,31,916,0,0,0,1,15,10217,10225,1,10210,14,32,2,66,13,6,88,98,2,73,13
240,20170926,59,28,29,40,10,20,1,80,11,139,109,22,159,15,79,24,40,33,768,0,0,0,1,12,10227,10238,20,10214,3,10,6,58,15,5,91,98,6,79,16
240,20170927,96,29,31,40,10,10,2,60,9,143,84,3,196,15,65,6,66,55,1165,0,0,0,1,19,10223,10235,8,10208,24,1,2,63,16,4,87,99,2,68,15
240,20170928,147,31,34,50,11,10,21,70,11,159,128,24,193,13,104,24,7,6,581,18,37,21,17,10,10210,10218,20,10201,4,5,21,70,14,8,90,99,21,81,14
240,20170929,170,30,40,60,13,20,1,110,17,168,128,1,228,14,95,6,24,20,783,11,169,168,17,13,10179,10208,1,10150,16,1,2,75,14,8,91,99,2,73,14
240,20170930,246,16,26,50,12,10,3,90,12,135,82,22,162,15,59,24,13,11,385,22,5,2,11,6,10168,10181,20,10159,5,40,4,75,16,7,89,98,4,67,15
240,20171001,173,61,63,100,12,20,4,140,11,140,94,3,171,11,84,6,21,18,700,4,1,1,23,11,10156,10180,3,10102,24,58,2,80,12,7,83,96,2,68,11
240,20171002,249,80,87,100,4,70,18,150,14,157,139,24,176,10,131,24,23,20,590,13,4,2,2,10,10104,10116,24,10088,5,56,2,77,21,8,74,95,2,62,14
240,20171003,282,62,63,90,11,40,19,130,11,139,118,4,168,13,113,6,56,49,980,15,29,17,4,16,10183,10223,19,10118,1,56,4,80,18,6,72,90,4,63,23
240,20171004,255,78,79,110,12,60,1,150,11,136,122,5,158,11,114,6,4,3,536,27,17,8,22,9,10184,10218,1,10125,24,43,24,82,9,8,69,92,22,61,9
240,20171005,286,90,102,170,9,60,22,250,8,133,114,22,158,8,102,24,68,60,882,65,150,35,5,14,10111,10163,24,10035,7,34,4,80,18,5,78,95,1,65,23
240,20171006,310,65,68,100,11,40,20,170,13,118,101,7,147,11,91,24,59,52,817,41,56,10,8,13,10201,10236,21,10161,3,56,18,75,11,7,81,90,20,70,14
240,20171007,251,58,65,100,8,40,2,160,8,127,103,3,151,16,98,6,0,0,159,74,114,18,9,2,10142,10217,1,10103,17,22,10,75,1,7,89,96,11,71,7
240,20171008,323,24,28,50,3,0,21,90,3,127,112,23,153,11,99,24,33,29,684,0,-1,-1,1,11,10175,10208,21,10123,1,63,5,75,9,7,82,94,6,70,15
240,20171009,206,21,28,50,15,10,7,90,15,125,107,1,145,14,100,6,0,0,157,66,77,15,24,2,10179,10204,1,10145,24,42,24,70,14,8,94,98,24,86,14
240,20171010,231,59,60,80,13,40,1,120,14,145,121,7,164,13,112,12,10,9,402,5,3,3,3,7,10139,10144,18,10134,4,27,3,75,14,8,88,97,3,80,14
240,20171011,214,85,86,100,22,80,1,160,22,148,136,23,160,12,133,24,0,0,296,30,36,19,24,5,10120,10134,9,10096,23,57,23,75,11,8,83,92,23,73,17
240,20171012,252,63,68,90,2,30,24,140,14,135,104,24,159,13,90,24,55,50,831,0,0,0,1,13,10190,10222,20,10109,1,64,24,81,12,7,76,94,24,60,13
240,20171013,217,57,60,90,11,30,4,140,11,152,107,1,188,12,99,6,37,34,652,0,0,0,1,11,10229,10238,24,10220,1,49,7,75,11,7,88,97,7,77,11
240,20171014,215,43,46,70,11,20,22,100,12,152,108,23,195,12,86,24,67,62,824,0,0,0,1,14,10248,10256,19,10237,1,16,24,75,12,3,88,98,23,71,15
240,20171015,164,39,40,60,12,20,1,90,12,160,109,2,215,14,93,6,95,89,980,0,0,0,1,17,10208,10241,1,10186,16,6,1,77,15,0,85,99,1,67,14
240,20171016,184,45,50,80,23,40,1,110,23,182,134,2,234,14,125,6,82,77,858,0,0,0,1,15,10189,10198,9,10174,16,59,3,80,14,4,81,94,2,67,14
240,20171017,218,38,40,70,13,10,22,100,12,129,82,23,156,1,60,24,7,7,385,0,0,0,1,6,10194,10209,10,10167,24,61,6,77,14,5,82,97,22,65,13
240,20171018,91,20,23,40,10,10,1,70,11,143,106,1,178,14,103,24,71,67,797,0,0,0,1,13,10132,10165,1,10115,24,40,24,64,1,8,87,97,1,77,11
240,20171019,139,41,42,60,11,10,3,110,23,160,115,4,203,13,83,6,50,48,700,8,23,23,23,12,10085,10117,1,10057,24,18,3,75,21,7,83,98,2,65,12
240,20171020,200,72,79,110,11,40,24,160,12,135,107,24,167,1,100,24,22,21,337,48,74,27,7,5,10067,10108,22,10036,5,36,16,75,4,7,85,96,16,71,21
240,20171021,190,72,76,100,13,40,1,170,16,129,108,1,173,13,100,6,50,48,673,19,33,20,17,11,10074,10100,1,10053,24,62,7,80,13,5,80,94,8,65,14
240,20171022,246,70,80,100,1,50,6,160,15,115,99,3,136,12,98,6,12,12,403,93,107,20,5,6,10090,10138,24,10044,3,50,19,75,9,8,86,96,5,72,10
240,20171023,253,49,60,80,3,30,17,120,6,128,108,18,152,15,97,18,54,53,628,13,5,2,21,10,10172,10192,18,10139,1,14,23,80,14,7,82,98,22,69,14
240,20171024,218,65,68,90,18,40,2,140,19,154,132,1,169,15,131,6,0,0,179,31,6,1,1,3,10182,10189,1,10175,14,15,1,70,15,8,93,98,1,87,19
240,20171025,240,53,60,100,9,20,18,140,8,141,93,22,173,14,64,24,31,31,401,0,-1,-1,1,6,10201,10240,22,10165,4,4,23,75,14,7,87,99,23,78,14
240,20171026,260,35,40,70,12,30,1,90,11,138,113,1,168,13,108,6,24,24,538,0,0,0,1,9,10233,10239,9,10229,5,20,5,75,11,8,87,98,1,74,11
240,20171027,312,51,54,70,10,40,17,140,11,117,95,19,145,12,83,24,59,59,638,8,25,13,4,10,10281,10311,17,10232,3,68,4,75,1,7,77,86,8,64,13
240,20171028,274,95,95,140,24,60,1,200,24,130,106,1,154,20,97,6,0,0,174,0,-1,-1,1,3,10177,10272,1,10087,24,61,24,75,1,8,80,87,16,71,5
240,20171029,323,76,79,140,1,30,22,210,1,104,56,23,151,1,39,24,52,53,596,12,11,3,23,9,10168,10237,24,10077,2,61,1,75,11,6,72,89,23,60,6
240,20171030,321,25,30,50,11,10,19,100,13,83,46,6,121,13,21,6,53,54,603,2,1,1,5,8,10272,10286,19,10240,1,65,6,81,14,6,79,93,6,64,14
240,20171031,231,46,48,80,12,20,1,120,11,110,78,1,130,21,70,6,0,0,231,5,1,1,17,3,10239,10277,1,10209,24,61,16,75,5,8,85,93,18,72,11
240,20171101,216,44,46,70,14,30,4,110,15,116,89,24,139,13,77,24,8,8,362,0,-1,-1,1,6,10187,10210,8,10137,24,40,10,75,16,8,86,97,5,75,17
240,20171102,269,26,31,60,13,10,6,90,12,97,48,24,149,12,26,24,18,19,371,0,-1,-1,1,5,10136,10166,24,10112,4,57,5,75,12,5,87,97,6,75,12
240,20171103,174,21,25,40,21,10,1,60,13,95,47,3,136,13,23,6,8,8,325,0,0,0,1,5,10145,10166,1,10111,24,28,21,83,14,7,88,97,3,54,14
240,20171104,187,33,48,70,13,30,3,110,13,108,86,7,133,13,73,24,16,17,333,47,28,9,19,5,10049,10105,1,10014,16,50,15,70,20,8,89,96,16,77,11
240,20171105,282,24,34,70,12,20,1,120,11,76,51,17,107,11,35,12,26,28,360,31,35,7,23,5,10105,10177,24,10051,1,62,14,75,8,6,83,91,1,74,10
240,20171106,325,10,21,40,5,10,17,90,5,60,11,21,105,12,-22,24,60,64,550,2,2,1,5,7,10237,10262,21,10182,1,63,24,82,12,3,84,97,20,64,12
240,20171107,141,17,19,30,10,10,1,50,10,42,-2,6,94,14,-30,6,80,86,652,0,0,0,1,8,10217,10254,1,10184,24,0,23,78,14,2,88,99,23,65,15
240,20171108,15,16,20,30,2,0,23,60,9,62,18,1,79,13,17,6,0,0,162,7,1,1,7,2,10205,10225,20,10180,2,1,1,58,13,8,93,99,1,85,13
240,20171109,217,39,42,70,13,10,1,110,13,88,62,8,120,12,57,12,25,27,375,44,37,10,19,5,10211,10226,2,10193,23,18,22,81,12,8,92,97,1,61,12
240,20171110,278,69,76,110,12,30,1,170,12,93,63,23,121,11,52,24,43,47,368,14,16,7,10,5,10141,10182,1,10115,11,50,10,75,13,6,76,94,1,60,18
240,20171111,285,43,48,80,1,20,21,120,1,77,39,23,109,13,19,24,24,27,327,6,5,4,14,4,10090,10129,1,10071,13,70,19,80,13,8,78,90,24,68,13
240,20171112,317,24,38,60,8,10,4,130,23,60,44,1,77,10,29,18,11,12,210,40,51,9,13,3,10047,10114,24,10003,12,58,13,80,9,7,84,93,4,69,9
240,20171113,335,38,41,70,6,10,21,150,10,69,33,23,107,12,-1,24,57,64,489,9,8,2,6,7,10193,10232,23,10124,1,65,23,75,9,6,78,91,23,67,11
240,20171114,215,44,45,70,9,30,1,100,9,81,42,8,106,18,34,12,8,9,167,42,25,9,13,2,10224,10237,23,10215,6,18,24,70,1,8,92,97,14,83,8
240,20171115,189,37,38,50,2,30,12,70,2,100,91,5,110,12,90,6,0,0,117,50,14,4,1,2,10241,10249,10,10234,4,3,24,50,19,8,97,98,2,96,11
240,20171116,215,27,39,50,10,20,21,100,20,95,46,24,115,17,9,24,0,0,109,18,11,5,21,2,10224,10251,24,10209,15,8,1,67,22,7,95,99,1,84,22
240,20171117,255,25,26,50,13,0,5,90,13,61,18,6,111,12,-11,6,58,67,482,0,0,0,1,6,10263,10279,10,10235,24,63,5,82,14,5,80,97,3,60,11
240,20171118,277,62,67,100,10,20,21,160,14,76,51,24,98,14,40,24,7,8,208,33,65,30,14,3,10177,10227,1,10152,23,38,14,83,2,8,75,90,14,61,2
240,20171119,298,61,62,90,12,30,23,180,9,72,35,2,100,13,15,6,34,39,365,11,16,4,4,5,10180,10210,21,10150,3,40,4,75,1,5,77,84,4,71,9
240,20171120,236,53,63,90,17,40,1,140,18,85,53,10,120,20,52,12,0,0,69,106,99,30,15,1,10135,10200,1,10087,17,24,13,75,2,8,89,98,15,70,3
240,20171121,234,65,68,90,13,40,9,140,13,119,109,1,127,11,104,6,0,0,72,43,22,7,9,1,10087,10103,1,10056,24,24,9,65,2,8,92,97,8,86,18
240,20171122,193,79,83,100,5,70,14,140,8,109,93,20,129,14,85,24,33,39,297,30,21,9,2,4,10020,10050,1,9970,24,36,1,80,22,5,80,94,2,68,24
240,20171123,204,78,86,140,9,50,19,220,9,106,71,19,146,11,59,24,15,18,191,5,12,12,13,3,9997,10068,22,9933,6,57,13,83,2,6,75,90,13,62,15
240,20171124,226,24,29,50,11,10,20,70,1,67,37,24,96,14,16,24,23,27,273,60,34,13,3,4,10095,10121,21,10061,5,61,3,75,12,8,85,94,4,74,16
240,20171125,252,33,38,70,19,0,1,120,13,44,1,6,81,11,-25,6,23,28,274,5,8,7,19,3,10123,10153,23,10099,5,60,19,80,11,6,81,97,2,65,11
240,20171126,269,62,64,80,5,30,23,160,17,62,38,23,81,10,28,24,12,14,194,18,32,16,12,3,10185,10211,19,10156,1,61,19,75,1,7,75,89,22,69,11
240,20171127,244,70,79,110,9,40,18,160,9,76,55,6,103,11,53,6,0,0,94,82,147,53,10,1,10094,10193,1,10043,24,56,9,75,2,8,83,94,6,73,23
240,20171128,264,57,61,90,13,30,22,140,9,57,26,23,85,12,16,24,22,27,259,42,73,28,8,3,10037,10045,9,10030,24,31,8,75,1,6,81,93,24,72,12
240,20171129,201,13,23,40,1,10,13,70,5,31,6,23,52,14,-8,24,25,31,222,11,7,3,3,3,10045,10066,21,10022,5,45,12,65,1,7,94,97,18,91,14
240,20171130,280,11,20,30,5,0,21,90,4,19,-22,24,46,11,-47,24,11,14,167,59,44,8,13,2,10043,10068,24,10027,14,50,24,70,4,7,92,98,24,84,12
240,20171201,20,15,18,40,10,0,20,80,9,4,-43,24,46,14,-64,24,26,32,270,0,0,0,1,3,10172,10238,24,10075,1,0,24,58,14,4,95,98,2,84,14
240,20171202,179,29,30,40,12,10,1,70,23,-2,-41,1,16,23,-61,6,2,2,163,0,-1,-1,1,2,10258,10272,10,10241,1,1,1,38,22,8,97,99,1,93,22
240,20171203,239,22,37,50,1,10,22,80,15,53,15,1,89,14,15,6,3,4,117,41,29,9,11,1,10237,10263,24,10223,13,15,11,70,13,8,93,98,12,86,14
240,20171204,282,39,41,60,14,20,3,90,1,73,48,18,91,13,33,18,2,3,117,16,16,12,1,2,10297,10327,23,10265,3,59,1,66,9,8,87,93,17,82,8
240,20171205,264,57,58,70,13,40,1,120,22,84,71,1,93,12,66,6,0,0,90,0,0,0,1,1,10322,10329,9,10310,24,61,2,80,10,8,77,90,1,69,10
240,20171206,234,68,76,90,1,50,15,130,1,86,69,24,102,12,66,24,0,0,103,0,0,0,1,1,10269,10306,1,10209,24,65,17,80,10,8,75,82,14,66,10
240,20171207,218,78,95,130,14,60,18,180,13,62,47,5,78,21,42,6,0,0,41,39,65,28,15,1,10098,10200,1,10042,16,29,17,80,1,7,81,96,17,69,1
240,20171208,279,83,87,110,16,40,11,200,19,34,9,17,63,12,6,18,16,20,138,74,115,23,8,2,10077,10105,22,10052,7,27,19,80,15,6,79,94,17,61,15
240,20171209,266,62,67,110,4,20,13,170,3,34,8,24,58,11,6,24,18,23,159,64,93,21,5,2,10090,10113,11,10037,24,34,24,80,18,8,82,94,23,65,19
240,20171210,124,20,64,90,3,30,24,140,3,8,0,12,17,10,0,18,0,0,62,113,127,28,14,1,9830,10024,1,9687,17,5,14,70,3,8,94,99,12,84,23
240,20171211,39,45,55,90,17,10,1,150,17,2,-36,4,18,23,-50,6,0,0,56,96,63,14,16,1,9832,9904,24,9794,13,4,15,75,7,8,92,98,16,79,7
240,20171212,229,34,48,80,24,20,9,120,6,19,4,21,50,12,-7,24,25,32,222,13,10,5,14,3,10049,10113,21,9915,1,56,20,75,5,6,86,95,20,74,11
240,20171213,197,62,76,90,7,50,14,170,20,37,8,1,65,21,0,6,2,3,91,86,94,25,19,1,9956,10085,1,9845,20,32,12,75,23,8,91,97,12,75,24
240,20171214,231,52,58,90,6,30,5,140,6,35,4,4,65,14,3,6,12,15,129,49,78,38,3,2,9888,9904,10,9862,2,23,4,75,1,7,87,97,4,76,1
240,20171215,173,29,32,50,1,10,19,90,9,23,-20,22,45,14,-39,24,5,6,112,15,5,2,5,1,9955,10039,24,9886,1,1,22,59,16,7,95,100,22,92,12
240,20171216,302,30,33,50,11,10,1,130,14,24,-13,5,64,13,-38,6,31,40,226,28,45,9,11,3,10118,10180,24,10045,1,23,1,70,6,4,88,97,1,82,13
240,20171217,209,32,38,80,21,10,1,120,21,27,-24,8,66,12,-62,12,55,71,327,49,43,14,21,4,10201,10230,10,10146,24,23,21,75,12,5,90,97,4,74,12
240,20171218,333,44,46,80,2,10,20,140,2,59,2,23,82,12,-29,24,19,25,193,16,28,13,6,3,10244,10314,24,10147,1,1,24,62,12,7,88,99,22,80,10
240,20171219,244,32,35,60,14,0,4,80,14,56,6,2,81,13,-22,6,4,5,158,0,0,0,1,2,10328,10338,10,10316,1,2,3,67,10,8,94,100,4,87,14
240,20171220,268,27,29,40,17,10,13,70,9,77,50,3,91,14,30,6,2,3,79,0,-1,-1,1,1,10333,10341,18,10322,1,8,7,59,1,8,97,99,7,96,1
240,20171221,266,25,30,40,2,10,19,80,11,84,74,20,91,11,74,24,0,0,93,25,10,6,24,1,10337,10344,10,10329,24,1,8,46,13,8,99,99,5,98,1
240,20171222,273,10,19,40,21,10,1,80,10,84,51,17,99,14,20,18,3,4,121,44,34,13,1,2,10340,10355,18,10317,5,2,6,62,12,8,97,99,5,94,12
240,20171223,247,74,75,90,24,50,1,140,21,86,80,5,92,9,79,6,0,0,52,5,1,1,2,1,10306,10344,1,10273,24,35,1,68,8,8,93,96,1,87,8
240,20171224,233,86,87,110,17,70,2,170,17,85,77,4,96,19,76,6,0,0,84,12,3,2,9,1,10227,10269,1,10183,24,28,9,70,18,8,92,96,6,84,23
240,20171225,199,82,86,100,11,70,4,160,12,76,46,23,99,2,41,24,0,0,117,0,-1,-1,1,2,10111,10178,1,10012,24,50,10,75,11,7,86,93,5,79,11
240,20171226,204,74,86,120,5,50,22,190,6,58,45,3,74,12,40,18,39,51,266,29,19,7,7,3,9959,9994,1,9888,24,50,5,75,8,7,83,89,5,74,14
240,20171227,187,26,64,90,2,40,16,140,19,53,36,18,70,13,29,24,0,0,100,124,65,10,9,1,9838,9908,24,9806,12,56,17,75,24,8,88,94,5,74,22
240,20171228,269,67,71,100,11,50,4,150,11,43,19,3,56,12,9,6,45,58,309,2,10,10,3,4,9982,10044,24,9912,1,67,5,75,7,6,73,89,3,69,4
240,20171229,209,54,76,110,20,40,4,170,20,32,-4,6,73,21,-13,6,5,6,96,55,44,15,14,1,9988,10047,2,9920,16,33,14,75,1,6,86,95,14,74,1
240,20171230,230,80,92,140,12,50,3,200,11,87,39,3,118,18,29,6,9,12,124,56,42,12,7,2,9965,10022,23,9901,9,35,8,66,1,8,84,97,9,75,1
240,20171231,219,88,91,140,6,50,1,230,7,104,80,24,131,12,74,24,2,3,71,134,176,51,18,1,9968,10016,1,9943,18,46,5,70,10,8,89,97,4,80,23
240,20180101,226,67,73,130,1,30,16,200,3,68,56,24,83,1,50,12,16,21,209,21,10,3,18,3,9978,10017,24,9939,1,59,17,75,3,7,85,95,18,75,5
240,20180102,219,50,65,100,20,30,1,140,18,66,37,3,94,24,25,6,7,9,167,69,44,13,24,2,10046,10104,11,9914,24,40,19,75,7,7,88,96,3,75,7
240,20180103,254,130,137,190,11,100,1,260,3,86,58,6,114,3,55,6,0,0,66,42,86,39,3,1,9896,9967,23,9808,3,37,2,67,5,8,77,95,1,72,11
240,20180104,239,82,89,150,20,50,10,220,20,81,69,14,109,16,64,24,0,0,119,7,5,3,17,2,9925,9970,2,9875,17,47,14,75,22,7,82,97,14,72,21
240,20180105,215,53,57,100,1,30,16,150,2,61,33,17,79,14,18,18,0,0,107,11,35,34,15,1,9952,10000,24,9924,3,60,11,80,3,7,88,95,18,68,3
240,20180106,32,14,36,60,16,10,10,110,17,46,15,9,70,12,1,12,2,3,182,0,0,0,1,2,10096,10203,24,10007,1,50,8,75,17,8,88,98,8,80,17
240,20180107,55,85,85,100,20,70,1,150,22,15,-8,24,39,1,-16,24,65,82,425,0,0,0,1,5,10270,10290,21,10211,1,70,1,75,3,2,77,84,1,73,14
240,20180108,76,66,67,80,5,50,19,130,6,9,-13,3,35,15,-19,6,67,84,385,0,0,0,1,4,10238,10281,1,10176,24,70,24,75,1,4,76,81,24,70,14
240,20180109,114,35,44,60,1,30,13,100,3,28,-4,4,56,22,-13,6,9,11,207,0,0,0,1,2,10104,10165,1,10079,16,56,22,70,2,8,88,93,22,83,1
240,20180110,154,35,36,50,13,20,1,70,9,67,53,21,74,12,45,24,0,0,67,17,6,4,13,1,10077,10102,24,10063,13,56,21,63,9,8,95,97,14,93,3
240,20180111,29,10,20,30,2,10,4,90,12,61,38,7,73,13,14,12,0,0,104,0,0,0,1,1,10181,10247,24,10106,1,17,22,50,1,8,96,98,6,93,11
240,20180112,46,16,20,30,4,10,15,100,12,50,38,21,63,12,30,24,0,0,116,0,0,0,1,1,10264,10272,11,10247,1,21,7,70,14,8,94,98,3,86,14
240,20180113,109,37,38,60,17,30,1,100,17,44,27,21,62,14,10,24,0,0,135,0,0,0,1,2,10244,10264,2,10226,24,7,8,67,19,7,89,99,8,75,17
240,20180114,106,41,48,60,7,40,1,90,23,28,10,21,51,14,1,24,27,33,280,0,0,0,1,3,10197,10222,1,10154,24,57,3,64,14,5,84,91,24,76,13
240,20180115,197,72,86,120,13,50,1,190,13,52,24,1,83,19,23,6,0,0,53,101,140,24,17,1,9997,10144,1,9885,18,28,7,75,24,8,90,95,8,80,24
240,20180116,261,90,91,120,13,70,19,200,8,55,29,23,71,1,25,24,29,35,294,18,26,12,8,4,9908,9925,16,9888,5,57,23,80,15,7,76,87,23,67,15
240,20180117,271,101,104,140,13,60,24,210,11,48,18,9,64,20,15,12,16,19,234,2,3,3,9,3,9990,10046,21,9905,1,62,8,75,1,7,73,81,24,67,15
240,20180118,254,78,98,230,10,20,19,340,10,48,19,20,100,7,-9,24,10,12,196,75,116,17,3,2,9954,10018,24,9832,7,48,22,75,16,7,85,95,5,68,8
240,20180119,253,50,53,80,14,20,20,130,5,38,12,24,65,14,3,24,33,39,327,30,66,32,19,4,10061,10072,10,10023,1,50,19,75,10,6,82,92,1,75,14
240,20180120,204,23,33,50,2,10,18,90,23,21,-10,6,37,15,-23,6,11,13,150,35,21,9,19,2,10031,10068,1,9994,15,50,21,75,1,6,92,97,18,79,2
240,20180121,213,14,42,80,22,20,8,120,22,34,3,8,70,12,-27,12,38,45,377,40,22,7,22,5,10121,10155,12,10069,24,31,23,75,11,7,84,95,24,71,13
240,20180122,267,40,55,70,1,40,5,110,1,61,23,1,82,11,22,6,0,0,237,30,9,3,2,3,10094,10178,24,10038,5,27,5,69,23,8,89,98,5,83,13
240,20180123,207,68,72,100,20,30,4,140,20,79,32,4,112,24,22,6,6,7,183,39,13,4,14,3,10171,10192,5,10147,23,25,21,70,8,8,91,97,17,81,12
240,20180124,211,90,96,130,12,50,20,210,13,107,70,20,138,13,68,24,0,0,91,56,52,16,20,1,10098,10152,1,10056,18,47,20,75,13,8,89,96,19,80,13
240,20180125,202,51,53,80,2,20,23,120,2,71,42,23,95,12,27,24,15,17,299,0,-1,-1,1,4,10103,10119,24,10089,1,60,23,75,12,8,89,95,23,80,12
240,20180126,210,19,26,40,1,10,22,60,15,50,24,5,85,14,15,6,12,14,294,8,8,8,17,4,10189,10267,24,10122,1,1,8,70,24,7,95,99,7,85,24
240,20180127,205,66,68,110,19,20,1,160,21,52,7,4,83,24,-7,6,19,22,313,24,6,2,19,4,10268,10293,10,10239,23,33,20,70,9,7,89,97,3,76,12
240,20180128,241,87,89,110,17,50,7,170,1,99,79,7,112,19,74,12,16,18,296,0,0,0,1,4,10272,10287,11,10242,1,60,2,70,13,8,89,95,2,83,24
240,20180129,248,89,98,130,11,40,24,220,12,86,33,24,111,13,19,24,7,8,217,20,29,22,15,3,10243,10288,24,10200,14,41,16,75,10,6,82,94,16,71,12
240,20180130,222,36,41,60,12,30,1,90,11,44,17,18,80,13,-2,18,62,69,478,0,0,0,1,6,10256,10294,3,10155,24,60,24,75,12,7,87,96,4,73,14
240,20180131,237,79,85,120,5,50,1,210,13,66,27,19,97,5,16,24,5,6,123,66,32,7,4,2,10026,10135,1,9978,24,18,3,75,15,7,83,98,3,70,21
240,20180201,244,60,65,90,14,50,7,140,18,43,23,8,64,13,20,12,39,43,369,48,41,15,9,5,9981,9997,19,9963,6,56,9,75,12,7,83,93,8,73,13
240,20180202,319,41,49,100,3,20,21,170,3,42,-15,24,75,14,-36,24,27,30,386,32,28,11,1,5,10037,10091,21,9979,4,50,1,75,12,6,86,93,23,73,13
240,20180203,207,5,38,60,12,20,1,110,24,23,-14,1,46,11,-34,6,5,5,252,24,10,5,8,3,10074,10133,24,10052,14,56,7,75,22,8,88,97,4,72,23
240,20180204,30,56,58,90,11,30,3,150,11,22,4,1,44,14,1,6,35,38,476,0,-1,-1,1,5,10222,10276,24,10141,1,62,22,82,11,7,78,86,8,64,11
240,20180205,67,55,56,60,1,40,24,110,7,13,-22,24,36,14,-35,24,29,31,428,0,0,0,1,5,10265,10286,8,10222,24,61,24,72,13,4,78,82,1,70,17
240,20180206,58,43,45,70,13,20,23,100,12,-15,-47,24,15,13,-79,24,80,86,749,0,0,0,1,7,10170,10211,1,10146,15,59,3,83,16,2,74,87,5,59,14
240,20180207,72,8,18,30,11,10,1,40,10,-10,-60,4,27,16,-95,6,85,90,825,0,0,0,1,8,10186,10202,21,10164,1,63,8,82,15,3,71,88,2,52,11
240,20180208,174,39,40,60,15,20,8,90,22,11,-28,7,57,15,-47,12,63,67,622,0,0,0,1,7,10189,10205,9,10156,24,58,7,76,15,7,80,89,21,68,15
240,20180209,163,58,59,80,10,20,24,130,12,5,-9,7,22,13,-14,12,10,10,309,40,4,1,17,3,10115,10152,1,10095,13,15,24,68,8,8,84,98,24,68,12
240,20180210,195,41,50,90,20,10,2,140,21,31,6,1,65,12,5,6,44,46,552,23,6,4,24,7,10116,10150,8,10020,24,4,2,80,13,8,86,99,1,66,13
240,20180211,250,77,95,130,13,60,24,180,10,47,22,18,73,13,16,24,32,33,427,56,39,14,3,5,9996,10053,24,9947,5,37,4,80,14,7,80,95,1,68,14
240,20180212,256,51,60,90,13,40,19,120,4,27,-1,24,57,12,-13,24,56,58,516,5,6,4,10,6,10118,10143,19,10060,1,60,9,76,15,4,78,87,21,67,15
240,20180213,160,61,63,90,12,40,2,140,14,19,-9,7,62,14,-15,6,87,89,851,0,0,0,1,10,10102,10130,1,10080,14,65,3,83,18,3,75,91,3,53,15
240,20180214,149,73,74,100,15,40,3,160,22,22,-20,7,61,15,-30,12,87,88,842,0,-1,-1,1,10,10121,10137,9,10088,24,65,24,83,17,5,66,76,7,57,12
240,20180215,201,46,67,100,1,40,22,140,1,44,4,2,98,15,0,24,32,32,386,49,36,13,3,5,10106,10178,24,10067,7,8,12,74,19,5,89,99,12,74,18
240,20180216,253,37,43,70,11,10,22,100,12,37,-25,24,79,13,-44,24,86,86,878,0,0,0,1,11,10241,10264,18,10185,1,62,23,76,15,4,81,95,21,67,11
240,20180217,106,20,22,30,5,10,1,50,5,21,-21,2,77,14,-62,24,60,60,736,0,0,0,1,8,10242,10258,23,10232,7,59,20,67,4,4,78,94,1,52,14
240,20180218,157,30,31,50,14,20,3,70,14,17,-29,5,74,14,-61,6,88,87,889,0,0,0,1,10,10245,10257,1,10221,24,56,8,62,1,4,84,90,5,70,14
240,20180219,147,29,33,50,11,20,1,60,6,18,-4,1,32,15,-34,24,0,0,239,0,-1,-1,1,3,10189,10217,1,10176,16,56,8,59,5,7,86,91,1,81,19
240,20180220,52,21,23,40,19,10,1,60,18,11,-37,4,46,13,-67,6,7,7,404,0,0,0,1,4,10207,10250,23,10185,1,24,3,60,11,6,83,97,4,68,11
240,20180221,41,31,33,50,15,20,3,80,15,7,-33,8,49,13,-67,12,92,89,923,0,0,0,1,10,10264,10275,10,10254,1,19,7,62,21,0,79,98,7,60,14
240,20180222,60,52,53,70,13,40,1,110,14,9,-21,24,45,13,-43,6,91,88,1007,0,0,0,1,11,10256,10266,8,10247,15,60,24,77,15,0,72,85,24,56,11
240,20180223,70,58,59,80,13,30,4,130,13,0,-28,5,33,12,-44,6,74,71,1004,0,0,0,1,11,10238,10248,1,10222,16,30,5,83,18,3,72,91,3,56,13
240,20180224,77,78,78,90,10,70,1,150,17,-2,-30,6,37,12,-38,6,85,81,990,0,0,0,1,10,10266,10294,23,10237,2,71,8,83,16,2,56,64,1,41,11
240,20180225,71,70,72,80,1,60,7,130,18,-19,-47,7,14,14,-56,12,95,90,1135,0,0,0,1,11,10310,10322,24,10295,1,75,21,83,1,1,58,80,23,38,13
240,20180226,55,62,64,80,10,50,19,120,9,-25,-51,7,6,14,-61,12,89,84,1084,0,0,0,1,10,10310,10328,8,10277,24,75,1,83,14,4,66,80,4,46,14
240,20180227,66,42,44,60,4,30,7,90,1,-29,-58,24,6,15,-70,6,88,82,1137,0,0,0,1,11,10239,10272,1,10215,19,70,19,83,1,5,69,84,21,45,15
240,20180228,79,79,80,100,16,50,1,160,18,-66,-87,20,-45,14,-92,24,65,60,856,0,-1,-1,1,7,10210,10234,9,10168,24,3,6,78,15,5,71,89,6,56,15
240,20180301,78,112,112,120,5,100,1,190,9,-49,-85,1,-9,15,-89,6,54,50,815,0,0,0,1,7,10081,10160,1,10031,24,68,7,80,17,8,53,65,1,42,14
240,20180302,77,94,95,120,4,60,23,180,1,-35,-71,7,2,14,-73,12,78,72,996,0,-1,-1,1,9,9993,10025,1,9977,14,56,23,79,1,7,51,64,24,40,15
240,20180303,87,54,55,60,1,40,22,100,1,-18,-48,6,12,16,-46,6,25,23,626,0,-1,-1,1,6,9974,9983,1,9968,6,50,1,60,7,8,63,78,24,52,13
240,20180304,131,37,46,80,23,30,2,120,22,47,-21,1,107,15,-30,6,44,40,868,39,20,9,22,11,9937,9974,1,9890,21,36,6,66,16,7,78,95,24,60,15
240,20180305,177,41,50,80,1,20,19,130,1,64,28,7,117,14,13,24,93,84,1111,0,0,0,1,15,9923,9937,11,9912,1,41,1,81,16,7,82,95,1,63,15
240,20180306,146,14,29,50,2,10,18,70,2,56,6,23,100,14,-28,24,13,12,585,0,-1,-1,1,8,9908,9926,24,9895,5,65,8,83,16,8,78,88,23,64,16
240,20180307,181,15,39,60,22,20,2,80,21,64,34,7,111,13,22,12,41,36,802,20,49,40,20,11,9942,9986,24,9919,4,32,19,70,12,8,85,97,20,70,11
240,20180308,217,68,78,140,17,30,6,210,17,47,13,4,92,14,5,6,33,29,520,35,41,17,11,7,9978,10020,24,9948,15,50,1,80,15,6,84,97,5,64,14
240,20180309,187,25,43,60,1,30,13,100,1,65,11,6,102,13,2,6,55,48,940,50,15,4,21,12,10041,10063,11,10005,24,27,23,80,12,7,83,97,23,63,14
240,20180310,178,42,45,70,11,30,4,100,11,112,68,1,148,14,66,6,7,6,586,70,34,13,3,9,9983,10001,1,9977,6,2,24,75,11,8,91,99,24,74,13
240,20180311,148,17,34,70,12,10,3,100,11,95,53,22,117,15,32,24,21,18,536,38,56,23,7,8,9930,9978,1,9909,24,12,3,75,15,7,93,98,1,79,15
240,20180312,169,39,40,60,11,20,2,100,17,98,54,5,139,13,37,6,22,19,718,21,7,3,23,10,9911,9926,23,9904,6,44,24,80,13,8,87,97,4,68,13
240,20180313,298,34,48,70,7,20,5,110,8,55,41,19,87,1,34,24,5,4,294,61,25,13,10,4,10036,10119,24,9929,1,34,1,70,11,8,92,97,3,85,13
240,20180314,118,38,45,70,20,20,3,110,20,56,-2,5,113,14,-30,6,70,60,1097,0,0,0,1,14,10088,10122,7,10021,24,1,7,81,17,6,80,99,8,58,16
240,20180315,103,65,65,90,8,30,19,140,9,70,31,3,107,12,22,6,40,34,799,43,13,5,23,11,9968,10015,1,9951,13,50,24,77,14,8,72,91,24,58,12
240,20180316,82,70,70,100,24,50,1,160,24,38,3,24,63,1,1,24,0,0,230,10,1,1,1,3,10034,10090,24,9974,1,41,1,75,22,8,86,94,1,71,24
240,20180317,72,112,113,130,11,100,1,190,11,-11,-24,8,6,14,-23,12,34,29,968,0,-1,-1,1,10,10086,10099,24,10075,15,19,7,83,17,8,56,70,1,43,22
240,20180318,76,94,95,110,1,70,21,180,1,-6,-29,4,26,15,-34,6,94,78,1405,0,0,0,1,15,10116,10141,22,10100,2,77,10,83,1,8,45,54,5,39,16
240,20180319,54,71,76,100,7,20,23,150,7,-2,-33,6,39,14,-39,6,111,92,1651,0,0,0,1,17,10159,10193,22,10137,2,75,23,83,1,3,51,78,23,30,16
240,20180320,7,49,53,90,12,10,1,140,12,38,-6,1,81,14,-35,24,107,88,1647,5,2,2,4,20,10241,10300,24,10179,3,58,4,83,17,5,73,95,2,41,15
240,20180321,263,32,38,60,13,0,6,100,24,32,-36,6,85,13,-77,6,81,66,1234,0,-1,-1,1,15,10279,10302,1,10219,24,1,4,80,11,6,83,98,2,61,14
240,20180322,281,48,58,80,4,20,19,120,3,64,45,4,100,14,42,6,54,44,1012,45,22,13,4,13,10155,10207,1,10111,24,15,7,63,1,7,90,97,6,78,14
240,20180323,190,54,57,90,10,30,3,130,11,62,39,24,73,12,28,24,0,0,495,0,0,0,1,6,10047,10105,1,10012,24,48,1,80,9,8,80,93,1,64,10
240,20180324,99,15,27,40,11,10,24,60,11,64,23,24,103,16,-20,24,30,24,744,0,0,0,1,10,10029,10050,22,10009,3,37,24,74,11,5,79,95,24,63,16
240,20180325,350,23,26,50,16,10,1,80,9,54,3,3,114,15,-37,6,29,23,1033,0,0,0,1,13,10096,10139,24,10049,1,0,23,70,18,6,85,100,6,62,15
240,20180326,282,23,25,50,13,10,1,90,17,47,-7,4,115,13,-25,6,82,65,1430,0,0,0,1,18,10161,10172,20,10141,1,0,5,80,11,6,86,100,5,60,11
240,20180327,145,37,40,70,12,10,1,100,11,58,13,2,99,12,-3,6,7,6,669,15,3,2,15,9,10092,10161,1,10043,24,4,4,75,12,8,88,99,4,55,12
240,20180328,275,31,38,70,18,20,9,110,18,57,29,18,77,10,28,18,0,0,289,98,94,14,17,4,10015,10044,1,9972,16,14,1,70,24,8,91,98,1,82,9
240,20180329,227,24,43,60,13,20,17,100,14,67,16,5,105,13,8,6,80,63,1563,21,5,3,23,21,10043,10051,12,10028,1,34,5,83,17,7,75,97,5,51,16
240,20180330,122,43,47,70,20,20,22,130,20,90,55,4,135,13,52,6,47,37,1167,40,30,15,21,17,9994,10035,1,9959,18,57,3,83,16,8,75,94,23,45,16
240,20180331,146,18,25,30,1,10,17,60,12,69,26,5,114,14,12,6,21,16,958,12,12,4,16,13,9997,10025,24,9969,1,29,4,83,15,7,86,98,4,61,15
240,20180401,330,21,28,50,14,0,23,80,11,51,13,24,74,13,-16,24,7,5,577,19,11,6,7,7,10093,10136,20,10029,1,16,5,75,20,8,87,97,1,70,20
240,20180402,144,44,48,80,15,10,1,120,15,76,12,1,117,15,-13,6,16,12,723,87,25,4,8,10,10039,10124,1,9976,24,40,8,80,15,8,86,96,1,66,17
240,20180403,201,58,61,90,13,30,20,120,11,119,82,24,170,14,76,24,35,27,1130,53,122,51,22,17,9980,9998,24,9972,16,50,1,83,16,8,84,96,1,61,15
240,20180404,183,46,50,80,16,30,19,140,16,101,74,6,145,14,59,24,27,21,722,13,11,8,15,11,9987,10004,1,9972,15,58,4,75,11,8,85,94,1,70,15
240,20180405,282,61,74,110,7,20,22,180,9,60,14,22,97,1,-13,24,54,41,1160,18,16,11,2,15,10128,10223,23,9984,1,57,3,74,11,7,80,93,3,60,14
240,20180406,130,64,64,90,11,30,1,140,10,92,17,3,149,15,-3,6,118,89,1933,0,0,0,1,28,10167,10220,1,10114,22,64,7,83,18,6,56,88,5,35,17
240,20180407,155,37,45,70,10,10,20,120,14,142,80,5,209,16,68,6,88,66,1752,0,0,0,1,28,10088,10110,1,10074,16,68,23,83,1,8,61,82,24,48,13
240,20180408,1,20,23,40,15,10,3,100,15,142,81,5,215,14,48,6,77,57,1579,0,-1,-1,1,26,10074,10083,1,10061,16,58,6,75,10,7,76,95,5,53,12
240,20180409,34,41,43,60,15,20,1,100,10,110,83,4,145,14,81,6,5,4,822,6,1,1,8,12,10054,10082,6,10002,24,27,7,62,17,8,86,95,4,75,13
240,20180410,96,26,40,60,9,30,2,100,23,147,101,2,199,14,93,6,40,30,1338,2,2,2,23,22,10032,10050,23,9999,3,28,6,81,13,8,77,92,2,51,13
240,20180411,63,37,41,60,15,20,1,120,17,130,88,5,179,15,75,6,38,28,1336,2,14,14,17,21,10064,10080,9,10048,1,43,5,66,14,6,82,96,1,63,15
240,20180412,61,46,45,80,7,0,21,130,7,101,66,24,129,13,40,24,1,1,634,13,5,4,14,9,10024,10051,1,10005,17,19,23,58,13,6,90,98,23,82,13
240,20180413,245,22,32,60,14,10,1,90,14,98,60,3,142,11,20,6,16,12,987,0,0,0,1,14,10085,10148,24,10030,1,7,2,62,9,7,88,99,2,77,10
240,20180414,277,14,26,40,10,20,1,80,20,111,71,1,150,15,64,6,31,22,1081,10,1,1,24,16,10173,10187,12,10151,1,20,1,67,13,8,77,97,1,59,13
240,20180415,177,10,23,50,24,10,18,90,24,128,93,2,175,13,90,6,21,15,944,52,33,9,1,15,10117,10157,1,10098,16,14,5,73,13,8,87,98,4,70,12
240,20180416,234,43,48,80,14,20,2,120,13,110,55,24,151,14,24,24,113,81,2117,0,-1,-1,1,32,10160,10213,24,10107,1,58,3,79,19,3,76,96,5,60,15
240,20180417,191,44,47,80,11,20,4,120,10,133,50,2,198,14,22,6,107,76,1983,0,0,0,1,32,10243,10275,24,10214,1,68,8,80,18,6,67,86,4,47,15
240,20180418,128,21,28,50,24,10,1,100,21,168,74,5,234,16,37,6,130,92,2221,0,0,0,1,38,10295,10312,10,10277,1,65,2,81,14,5,63,94,2,41,14
240,20180419,124,30,41,60,10,10,23,90,10,200,135,5,273,16,82,24,130,92,2215,0,0,0,1,40,10252,10273,1,10229,24,59,19,82,17,5,53,73,4,36,16
240,20180420,280,24,31,60,14,10,2,80,13,168,97,23,248,12,67,6,124,87,2191,0,0,0,1,38,10223,10229,23,10216,18,26,21,72,11,1,67,89,24,41,13
240,20180421,53,34,37,50,9,20,2,80,14,151,78,3,203,15,54,6,132,93,2238,0,0,0,1,37,10212,10236,9,10169,24,43,1,82,17,3,69,95,5,44,15
240,20180422,217,26,48,90,15,20,5,130,20,172,107,5,258,14,74,6,101,70,2033,0,0,0,1,35,10111,10164,1,10085,18,59,24,79,7,5,63,82,24,45,18
240,20180423,248,61,65,80,16,50,1,120,21,122,98,5,150,15,91,6,92,64,1911,0,0,0,1,30,10146,10166,13,10107,1,59,1,83,18,6,72,86,4,58,15
240,20180424,235,72,75,100,21,50,18,150,21,125,102,1,151,12,97,6,11,8,1149,14,4,2,7,18,10129,10158,11,10065,24,56,21,75,14,8,80,90,6,70,14
240,20180425,250,81,85,120,2,60,8,190,1,110,88,7,141,15,85,24,60,41,1561,12,6,4,3,23,10099,10118,13,10055,3,57,4,81,14,6,78,92,4,55,16
240,20180426,248,77,80,100,13,40,23,140,10,101,69,24,133,16,58,24,86,59,1846,0,-1,-1,1,27,10145,10161,13,10110,1,63,22,80,15,5,73,89,24,54,15
240,20180427,127,24,36,60,19,10,24,90,19,105,50,4,147,12,31,6,27,18,1189,4,1,1,23,18,10102,10144,1,10061,22,63,5,83,18,8,71,93,4,53,12
240,20180428,215,41,44,70,10,20,1,110,11,110,59,24,143,10,28,24,14,10,725,7,3,1,9,11,10094,10115,21,10061,1,32,24,75,1,7,85,97,23,75,12
240,20180429,31,42,49,100,23,10,5,180,19,100,76,1,118,13,73,6,2,1,472,83,151,73,21,7,10077,10112,1,10009,24,32,12,62,20,8,90,93,12,83,8
240,20180430,245,14,51,110,24,0,12,170,24,91,67,21,114,14,66,24,0,0,331,119,213,76,2,5,9973,9999,1,9960,22,30,10,75,16,8,89,96,2,75,17
240,20180501,256,77,83,160,3,10,20,240,3,82,53,24,121,15,22,24,68,46,1716,78,64,15,7,24,10082,10123,22,9973,1,56,1,83,17,7,72,91,1,36,17
240,20180502,191,55,63,100,12,30,2,150,17,108,44,4,170,15,30,6,98,66,2183,20,5,4,20,33,10100,10124,24,10078,15,59,20,83,16,4,70,94,24,39,15
240,20180503,302,27,31,50,11,0,24,80,11,100,55,24,143,16,11,24,138,92,2597,0,0,0,1,38,10189,10226,24,10129,1,65,2,83,19,0,70,93,24,42,15
240,20180504,54,21,24,40,15,10,1,80,16,122,40,3,173,14,0,6,138,92,2589,0,0,0,1,40,10244,10261,23,10228,2,65,1,83,17,0,61,93,1,32,16
240,20180505,54,38,39,60,14,30,2,90,11,148,71,4,205,15,49,6,138,91,2623,0,0,0,1,43,10255,10269,7,10238,18,72,23,82,10,0,61,80,1,42,15
240,20180506,85,32,33,40,2,20,4,70,13,180,95,4,250,17,41,6,142,93,2672,0,0,0,1,47,10226,10246,6,10204,17,72,14,83,4,0,53,69,5,37,18
240,20180507,94,27,30,40,1,20,16,70,13,190,131,5,251,16,96,24,142,93,2664,0,0,0,1,48,10180,10206,1,10144,24,75,2,83,19,0,59,80,22,34,15
240,20180508,124,17,28,40,1,10,4,80,13,198,124,4,266,14,88,24,142,93,2622,0,0,0,1,48,10100,10139,1,10073,24,64,24,82,13,0,55,77,24,27,14
240,20180509,302,27,31,60,15,10,1,80,11,164,106,24,231,13,80,6,127,83,2448,0,0,0,1,42,10072,10078,10,10066,18,50,4,72,17,3,73,94,23,47,12
240,20180510,293,36,46,90,12,10,22,140,12,116,67,23,160,14,15,24,61,40,1673,20,15,9,6,26,10136,10212,24,10070,2,56,1,81,14,5,82,94,1,59,14
240,20180511,98,23,27,40,9,0,3,70,9,131,58,4,185,16,3,6,113,73,2459,0,0,0,1,39,10187,10215,2,10157,24,61,4,81,17,5,70,97,3,49,13
240,20180512,107,28,34,50,20,20,3,90,24,177,100,3,228,14,70,6,90,58,2200,0,0,0,1,38,10131,10154,1,10100,24,67,4,82,22,8,60,80,4,40,15
240,20180513,296,33,45,60,6,10,4,90,9,127,108,24,179,1,101,6,4,3,789,39,14,6,14,12,10127,10145,19,10096,1,27,24,66,1,8,89,96,24,74,1
240,20180514,12,40,45,60,12,30,4,100,11,182,106,2,253,16,105,6,109,70,2456,0,0,0,1,43,10140,10155,22,10132,1,1,5,81,11,3,74,99,3,43,17
240,20180515,32,38,43,60,18,30,4,90,12,191,137,22,238,14,119,6,141,90,2702,0,0,0,1,48,10164,10174,9,10152,1,56,23,83,17,0,60,90,23,37,15
240,20180516,360,57,59,90,16,30,1,160,17,144,89,24,195,11,83,24,92,58,2314,0,-1,-1,1,38,10199,10234,22,10166,4,59,1,66,9,7,78,86,5,67,13
240,20180517,342,58,59,80,15,20,24,120,8,104,57,24,142,12,27,24,116,73,2648,0,0,0,1,39,10240,10245,20,10233,3,61,2,69,16,5,72,88,24,61,10
240,20180518,330,46,46,60,13,20,1,100,15,104,56,1,138,15,18,6,30,19,1640,0,0,0,1,24,10237,10243,10,10231,24,63,1,80,17,8,72,88,1,63,15
240,20180519,304,24,25,30,1,10,24,70,10,110,79,24,136,14,30,24,3,2,745,0,0,0,1,11,10234,10239,10,10228,3,4,24,70,2,7,87,98,23,78,13
240,20180520,40,24,26,50,17,10,1,80,17,158,67,2,222,16,16,6,126,79,2676,0,0,0,1,45,10221,10242,8,10195,24,0,2,75,23,2,72,99,2,48,14
240,20180521,76,39,41,60,11,10,18,110,12,192,108,4,249,14,38,6,103,64,2334,0,-1,-1,1,42,10152,10191,1,10122,24,75,1,83,19,6,54,79,1,36,14
240,20180522,35,28,30,60,18,10,4,110,18,178,137,4,221,15,104,6,8,5,722,19,3,2,11,13,10140,10168,23,10120,2,69,10,82,9,8,66,81,10,51,17
240,20180523,48,42,43,60,12,20,3,110,17,189,143,2,251,16,127,6,52,32,1613,16,12,6,8,29,10201,10219,23,10169,1,57,6,83,19,7,70,94,5,44,19
240,20180524,72,43,48,60,2,20,14,100,16,193,154,4,229,17,138,6,50,31,1328,0,-1,-1,1,24,10190,10215,1,10168,18,65,24,83,3,7,65,79,23,55,16
240,20180525,78,26,31,50,17,20,9,80,1,200,164,23,245,15,125,24,84,52,2163,6,99,99,1,39,10181,10194,24,10170,1,56,2,73,17,6,78,93,2,62,12
240,20180526,59,45,45,60,15,30,1,110,23,223,159,4,273,15,130,6,141,87,2668,0,0,0,1,51,10198,10205,11,10190,3,58,3,83,22,6,65,90,1,49,16
240,20180527,79,37,44,60,1,20,19,100,10,211,177,4,252,12,152,24,65,40,1764,0,-1,-1,1,33,10179,10194,1,10162,17,70,20,83,1,5,68,84,24,57,11
240,20180528,54,29,33,50,10,10,4,80,21,232,161,3,290,15,137,6,133,82,2660,0,0,0,1,51,10176,10185,9,10166,17,65,23,81,14,6,64,90,3,45,16
240,20180529,44,38,46,60,6,10,23,100,16,222,163,24,301,15,147,24,107,66,2300,32,75,36,20,43,10128,10162,1,10101,17,34,22,80,18,6,77,97,23,53,14
240,20180530,176,5,28,40,17,20,1,70,16,202,168,4,264,15,152,6,72,44,1816,0,-1,-1,1,33,10136,10149,20,10116,2,10,4,80,13,6,82,97,1,56,13
240,20180531,345,10,27,70,11,10,2,120,10,198,159,24,236,17,126,24,72,44,1436,20,44,26,13,26,10148,10163,12,10136,3,6,3,80,16,5,87,98,2,68,16
240,20180601,281,35,38,60,15,10,3,80,15,162,135,18,219,10,116,6,24,15,1498,38,31,13,19,25,10168,10180,18,10155,2,0,3,62,12,8,92,99,3,76,10
240,20180602,242,38,40,60,16,20,22,90,7,162,145,1,189,12,145,24,0,0,674,0,-1,-1,1,11,10180,10191,24,10169,3,15,20,60,12,8,92,98,19,80,12
240,20180603,286,18,30,50,17,20,1,80,17,184,143,23,230,13,126,6,97,59,2400,0,0,0,1,42,10181,10193,8,10167,18,23,3,74,12,4,82,98,23,65,12
240,20180604,16,32,35,50,16,20,5,90,15,177,145,4,228,12,137,6,35,21,1758,0,0,0,1,31,10151,10164,1,10140,18,46,1,75,17,7,82,95,1,66,11
240,20180605,358,36,38,60,17,20,24,90,16,160,123,24,202,16,97,24,78,47,2173,0,0,0,1,37,10151,10159,10,10141,18,61,4,73,8,4,76,90,4,62,15
240,20180606,33,31,33,50,8,10,4,80,8,196,115,3,260,16,69,6,153,92,2904,0,0,0,1,53,10140,10151,1,10129,16,58,4,69,9,2,75,94,3,56,16
240,20180607,318,24,29,50,14,10,1,90,16,210,136,3,278,12,98,6,141,85,2712,0,0,0,1,50,10146,10154,22,10135,1,31,23,80,17,4,75,97,3,46,11
240,20180608,2,27,30,40,16,20,2,90,6,178,152,3,208,15,149,6,0,0,716,1,1,1,14,13,10152,10161,11,10145,16,18,3,66,24,8,88,97,3,76,15
240,20180609,13,38,39,50,8,30,3,110,16,192,161,23,236,15,145,24,57,34,2064,0,0,0,1,37,10143,10149,7,10135,16,59,5,77,12,6,78,91,3,61,13
240,20180610,9,38,39,50,13,30,1,100,11,180,132,24,226,15,112,24,92,55,2416,0,0,0,1,42,10139,10151,21,10132,17,57,2,80,14,6,76,93,2,62,11
240,20180611,42,46,48,60,10,20,1,100,15,171,122,3,217,15,80,6,130,78,2722,0,0,0,1,47,10138,10149,1,10126,16,70,1,81,17,6,74,89,1,59,15
240,20180612,357,41,47,70,17,30,8,100,17,150,133,20,170,15,120,24,25,15,1020,0,-1,-1,1,17,10147,10163,22,10132,2,75,1,80,16,7,74,80,2,65,17
240,20180613,305,29,43,70,11,20,22,110,13,150,119,21,188,15,86,24,81,48,1896,0,-1,-1,1,31,10171,10181,11,10159,24,63,7,83,9,7,67,78,7,52,16
240,20180614,214,53,61,110,14,10,24,150,13,159,120,4,202,9,101,6,23,14,1145,14,14,13,15,19,10136,10157,22,10119,11,41,16,81,9,8,79,97,24,48,9
240,20180615,265,3,22,50,16,0,1,70,12,180,113,3,230,13,82,6,74,44,2449,0,0,0,1,43,10160,10166,8,10154,23,12,2,80,19,7,73,98,1,47,13
240,20180616,231,47,50,80,18,20,1,120,18,169,134,22,207,15,109,24,50,30,1856,0,-1,-1,1,32,10145,10151,1,10142,13,57,2,83,19,6,68,94,2,50,17
240,20180617,238,65,66,70,4,40,1,120,14,163,141,1,189,12,122,6,24,14,1675,0,0,0,1,28,10165,10184,21,10139,1,62,3,81,15,8,71,83,3,58,15
240,20180618,226,65,68,90,13,50,3,140,13,166,139,2,192,16,139,6,31,18,1133,23,17,7,9,19,10187,10198,21,10173,3,20,9,75,15,7,85,96,2,71,19
240,20180619,254,43,46,70,7,30,11,100,4,185,161,24,222,15,144,24,48,29,1551,0,0,0,1,27,10224,10237,13,10193,1,64,2,80,14,7,79,90,24,66,15
240,20180620,230,50,55,90,16,30,1,130,16,183,144,4,237,16,119,6,71,42,1809,0,0,0,1,32,10195,10221,1,10159,24,56,3,81,15,4,82,96,4,60,15
240,20180621,304,86,87,110,9,30,1,170,16,141,119,21,165,14,104,24,82,49,2014,0,-1,-1,1,33,10210,10250,19,10155,3,60,1,81,21,7,68,94,2,54,10
240,20180622,313,75,76,110,4,20,22,170,5,127,81,23,161,13,44,24,14,8,1360,0,-1,-1,1,21,10266,10286,21,10239,2,63,5,76,1,7,71,87,24,62,4
240,20180623,300,38,39,50,3,20,23,80,14,147,87,1,189,13,62,6,40,24,1818,0,0,0,1,30,10265,10280,7,10243,24,64,23,82,12,8,74,92,24,50,13
240,20180624,334,40,42,70,15,10,1,110,15,146,98,3,181,13,64,6,24,14,1720,0,0,0,1,28,10243,10248,10,10236,2,62,2,81,10,8,77,95,2,63,13
240,20180625,332,38,40,60,16,20,23,90,11,159,102,24,207,14,57,24,94,56,2368,0,0,0,1,40,10256,10266,21,10241,2,65,2,82,15,4,80,95,24,61,13
240,20180626,17,36,38,50,12,20,1,90,16,160,91,4,217,14,45,6,148,88,2954,0,0,0,1,50,10263,10268,9,10260,17,62,4,81,13,5,73,96,2,52,14
240,20180627,49,43,44,60,16,20,1,90,17,176,127,1,231,17,104,6,98,58,2525,0,0,0,1,44,10256,10271,8,10239,18,65,2,75,8,5,75,90,1,61,15
240,20180628,34,44,45,60,16,20,4,110,18,211,155,4,268,14,133,6,155,92,2989,0,0,0,1,55,10235,10250,1,10218,17,58,4,82,16,0,64,93,4,36,14
240,20180629,22,42,43,60,15,30,5,100,15,191,142,24,263,14,123,6,155,93,3001,0,0,0,1,54,10202,10224,1,10181,24,60,4,82,10,0,70,92,4,40,12
240,20180630,61,53,54,70,14,20,1,110,10,214,144,1,270,15,120,6,155,93,3078,0,0,0,1,57,10163,10178,1,10146,17,60,1,83,18,0,52,93,1,27,15
240,20180701,92,66,68,90,10,50,21,150,10,217,166,3,268,14,140,6,153,92,3108,0,0,0,1,58,10163,10170,8,10154,16,80,12,83,1,0,36,46,3,25,14
240,20180702,56,58,60,80,17,40,3,120,20,205,143,4,254,14,103,6,153,92,3093,0,0,0,1,57,10174,10189,24,10160,1,80,11,83,1,1,43,66,24,29,11
240,20180703,38,47,49,60,10,30,24,90,6,193,147,24,245,14,123,24,153,92,3048,0,0,0,1,55,10177,10188,1,10165,18,70,4,83,15,2,63,85,5,38,12
240,20180704,43,29,31,40,2,20,12,70,9,191,141,4,256,14,120,24,129,77,2746,0,0,0,1,49,10148,10166,1,10136,21,70,1,83,19,4,68,87,24,46,13
240,20180705,317,31,32,50,14,10,5,100,15,177,125,3,223,12,99,6,133,80,2904,0,0,0,1,51,10155,10180,24,10137,4,59,23,82,10,3,76,94,3,60,13
240,20180706,352,23,29,40,1,10,24,60,1,195,143,1,246,13,98,24,71,43,2241,0,0,0,1,40,10209,10232,23,10183,1,60,1,83,21,7,67,90,1,48,13
240,20180707,18,20,25,50,19,10,1,90,14,190,122,4,249,14,74,6,109,66,2473,0,0,0,1,44,10243,10249,22,10230,1,70,2,83,17,6,63,88,2,41,16
240,20180708,336,31,33,60,13,0,5,110,13,189,129,4,243,13,79,6,151,91,2945,0,0,0,1,53,10253,10258,9,10248,1,61,24,83,18,1,64,93,4,42,12
240,20180709,333,40,41,60,14,10,4,110,21,172,130,4,221,13,84,6,27,16,1367,0,-1,-1,1,24,10239,10250,5,10220,24,29,3,81,21,7,77,98,3,64,21
240,20180710,335,50,55,80,8,20,2,130,9,164,128,24,217,17,99,24,51,31,1065,12,5,3,9,18,10188,10212,1,10171,15,29,9,80,4,5,76,95,9,49,16
240,20180711,335,39,41,80,16,20,1,110,15,174,102,4,229,15,62,6,105,64,1997,0,0,0,1,35,10188,10194,7,10181,16,34,4,81,10,3,77,98,3,55,8
240,20180712,328,45,46,60,13,20,24,100,13,180,126,24,231,12,92,24,119,72,2738,0,0,0,1,48,10200,10212,22,10188,3,56,4,80,12,2,78,96,2,55,12
240,20180713,25,25,31,50,18,10,5,70,14,178,122,4,237,12,85,6,110,67,2251,0,0,0,1,39,10215,10221,9,10208,17,61,4,82,17,3,74,95,4,49,12
240,20180714,51,24,26,50,18,0,3,80,14,186,113,4,243,14,71,6,140,85,2785,0,0,0,1,49,10206,10219,7,10193,18,63,4,83,17,1,68,96,4,43,15
240,20180715,76,23,26,40,17,20,2,90,13,209,127,2,277,16,74,6,131,80,2811,0,0,0,1,52,10168,10190,1,10149,18,70,2,83,15,1,59,84,2,34,15
240,20180716,106,21,31,50,23,20,4,80,21,230,152,4,289,13,102,6,124,76,2458,0,0,0,1,47,10135,10147,1,10119,17,75,3,83,16,4,51,70,3,32,12
240,20180717,254,41,47,80,12,10,1,130,13,196,150,23,240,11,90,24,134,82,2745,0,0,0,1,50,10152,10179,22,10124,2,68,24,81,12,3,69,88,23,49,12
240,20180718,270,15,32,50,15,10,22,80,14,192,130,3,245,14,77,6,116,71,2327,0,0,0,1,42,10186,10193,22,10176,2,62,4,83,15,6,67,91,3,46,11
240,20180719,338,33,36,70,16,20,1,110,15,199,143,2,256,14,84,6,117,72,2500,0,0,0,1,45,10184,10191,1,10170,24,33,3,83,14,4,66,98,3,28,13
240,20180720,360,32,33,60,17,10,4,110,15,201,128,2,254,15,69,6,123,76,2558,0,0,0,1,47,10141,10166,1,10119,24,65,1,83,20,7,64,92,2,42,15
240,20180721,327,41,43,80,16,20,3,120,16,204,146,4,258,14,89,24,133,83,2614,0,-1,-1,1,48,10122,10140,23,10109,4,50,5,82,18,2,67,84,4,49,15
240,20180722,287,32,33,70,13,10,3,110,13,200,142,1,264,13,89,6,102,64,2371,0,0,0,1,43,10153,10168,24,10140,1,6,4,83,19,4,71,98,3,42,11
240,20180723,285,10,19,40,16,0,5,70,16,226,149,3,289,15,100,6,149,93,2710,0,0,0,1,52,10167,10173,7,10158,24,58,4,83,15,1,66,93,4,45,14
240,20180724,298,12,28,60,14,10,1,90,15,243,168,4,304,11,127,6,132,83,2446,0,0,0,1,48,10147,10156,1,10139,14,63,5,83,16,4,62,96,3,36,17
240,20180725,29,20,27,50,18,10,1,80,19,246,187,5,306,15,144,6,85,53,1718,0,0,0,1,34,10162,10172,9,10149,3,60,5,83,19,4,63,90,5,37,13
240,20180726,73,25,30,40,6,20,2,90,19,275,208,2,348,16,187,6,107,67,2122,0,-1,-1,1,43,10142,10164,1,10121,17,65,6,83,20,3,58,81,5,31,17
240,20180727,121,37,50,70,7,20,19,150,23,295,214,24,357,14,190,6,111,70,2498,0,0,0,1,52,10102,10126,1,10071,22,66,24,83,1,7,38,72,24,20,14
240,20180728,234,60,64,120,13,10,5,180,13,205,147,24,256,11,120,24,76,48,1909,17,17,7,4,35,10088,10129,23,10054,4,62,4,80,15,5,67,92,4,32,15
240,20180729,181,49,53,100,12,30,1,140,11,212,146,1,269,11,119,6,43,27,1534,0,-1,-1,1,29,10116,10130,1,10106,11,74,1,83,20,8,56,77,2,35,11
240,20180730,199,30,42,70,10,10,18,130,19,233,182,23,294,13,147,24,46,29,1680,0,0,0,1,32,10139,10157,20,10122,1,70,22,83,15,8,66,84,24,47,14
240,20180731,257,26,36,110,11,0,22,160,10,201,140,24,256,10,80,24,96,61,2226,6,20,19,8,41,10172,10206,22,10139,6,65,8,82,14,5,74,94,24,48,13
240,20180801,305,12,22,40,13,0,6,80,13,201,116,4,260,13,71,6,110,71,2262,0,0,0,1,41,10216,10224,24,10207,3,59,5,83,19,5,66,97,1,40,15
240,20180802,308,20,23,50,15,10,1,80,14,222,152,5,280,12,106,6,133,86,2566,0,0,0,1,48,10232,10239,22,10222,3,65,3,82,13,3,62,95,5,40,16
240,20180803,16,20,25,60,16,10,2,90,16,241,151,3,305,13,93,6,140,91,2488,0,0,0,1,48,10217,10235,1,10200,19,62,6,83,19,1,59,93,4,31,11
240,20180804,331,35,38,80,15,10,3,110,15,220,176,24,279,13,135,6,98,64,2011,0,0,0,1,38,10213,10231,24,10197,3,70,4,81,10,6,73,88,22,55,12
240,20180805,38,27,33,50,17,20,5,80,14,206,159,5,260,13,140,6,133,87,2435,0,0,0,1,45,10228,10244,7,10206,24,70,1,83,16,3,67,88,4,46,12
240,20180806,80,9,25,40,18,10,23,80,15,232,155,4,304,14,122,24,139,91,2517,0,0,0,1,48,10154,10201,1,10120,24,70,2,82,18,3,59,88,24,29,14
240,20180807,190,8,26,70,23,10,1,150,23,262,165,4,337,15,113,6,100,66,2219,10,20,20,24,44,10085,10116,1,10052,21,60,24,83,19,4,54,93,2,27,12
240,20180808,225,40,56,100,10,20,22,150,10,197,137,24,235,11,100,24,50,33,1227,10,35,21,2,22,10108,10150,21,10045,1,65,1,82,19,5,76,92,1,56,17
240,20180809,352,7,43,100,20,10,3,230,19,176,126,3,228,10,93,6,18,12,717,40,75,24,14,12,10107,10150,24,10040,18,50,22,82,10,7,81,96,18,53,10
240,20180810,215,64,70,100,11,30,4,180,9,160,124,21,220,15,114,6,76,50,1714,62,164,52,21,29,10183,10197,12,10161,1,57,19,83,15,6,76,94,21,48,14
240,20180811,253,43,49,90,9,10,21,120,9,159,119,4,204,13,83,24,109,73,2074,2,4,4,5,35,10210,10226,14,10187,1,65,1,83,9,6,69,93,1,51,13
240,20180812,185,34,43,80,11,10,18,120,13,205,131,1,268,14,114,6,28,19,1498,0,-1,-1,1,28,10127,10188,1,10073,24,73,4,83,9,8,60,77,24,39,14
240,20180813,259,33,40,70,18,10,5,100,16,191,177,4,227,9,163,6,30,20,893,15,13,7,13,16,10059,10083,24,10047,5,60,11,75,1,8,83,92,13,72,8
240,20180814,278,51,55,70,3,30,22,120,10,190,164,23,228,13,152,24,75,51,1733,8,7,5,2,31,10141,10173,23,10083,1,61,2,82,13,6,77,93,3,59,13
240,20180815,221,47,49,80,13,30,1,110,13,197,171,24,238,13,160,24,30,20,967,0,-1,-1,1,18,10175,10184,14,10165,4,58,6,77,10,7,80,93,5,67,12
240,20180816,209,36,50,80,10,20,19,120,16,182,159,20,219,15,146,24,21,14,792,9,4,4,23,14,10150,10159,1,10144,19,65,22,80,9,7,80,92,23,67,9
240,20180817,264,23,29,50,12,0,5,90,14,178,140,24,226,13,112,6,110,75,2119,0,-1,-1,1,37,10186,10207,22,10153,1,64,5,83,15,5,72,97,4,50,10
240,20180818,220,49,53,70,11,30,1,110,12,181,138,1,219,15,115,6,37,25,957,0,0,0,1,17,10210,10215,20,10201,4,63,7,83,16,6,78,92,5,59,17
240,20180819,220,57,62,90,13,40,24,130,16,194,176,5,237,14,173,6,4,3,708,0,-1,-1,1,13,10189,10209,1,10174,24,35,9,80,13,8,81,93,9,66,13
240,20180820,301,28,33,50,10,10,22,90,10,196,150,23,234,14,110,24,70,48,1615,0,0,0,1,29,10196,10209,20,10174,3,60,2,83,16,7,81,93,22,64,16
240,20180821,216,6,17,30,8,0,21,60,13,202,156,5,252,14,125,24,70,49,1407,0,0,0,1,26,10199,10211,1,10187,24,61,5,75,9,5,81,96,22,60,13
240,20180822,250,31,34,60,14,0,3,100,13,198,158,24,247,11,122,6,93,65,1911,0,0,0,1,35,10168,10185,1,10151,24,48,4,76,12,4,82,98,3,63,13
240,20180823,221,41,50,80,15,20,1,140,17,184,131,23,225,15,101,24,1,1,608,15,9,6,18,11,10116,10145,1,10095,24,46,1,80,15,8,87,96,1,67,15
240,20180824,253,57,65,100,12,30,1,140,11,153,110,24,189,12,107,24,85,60,1566,49,190,64,21,26,10106,10123,13,10088,24,58,2,83,18,6,72,95,1,51,15
240,20180825,289,33,41,80,13,10,21,140,15,129,89,24,180,13,52,24,69,49,1396,75,192,63,1,22,10112,10156,23,10071,3,60,2,83,9,6,82,97,2,60,9
240,20180826,185,61,62,110,21,20,1,180,21,142,67,5,199,14,27,6,65,46,1541,30,11,5,21,25,10126,10162,6,10050,24,60,23,83,14,7,74,97,1,51,10
240,20180827,249,59,64,100,12,20,23,140,12,176,141,1,201,13,137,6,20,14,900,18,38,29,4,16,10104,10171,24,10040,2,56,4,80,12,8,77,97,3,61,12
240,20180828,188,14,20,40,13,10,2,70,12,172,113,24,218,11,74,24,24,17,983,0,-1,-1,1,17,10178,10195,9,10154,24,58,23,81,11,6,79,98,24,55,11
240,20180829,357,18,24,60,15,0,6,100,15,155,106,2,197,11,68,6,17,12,615,48,56,23,17,10,10140,10175,24,10114,10,31,1,75,15,7,88,98,1,70,10
240,20180830,323,37,39,60,10,10,21,100,10,152,104,24,195,13,56,24,98,71,1800,0,0,0,1,30,10216,10236,21,10179,1,65,24,83,15,5,71,93,24,50,15
240,20180831,333,14,15,40,17,0,1,60,17,142,93,2,188,15,39,6,26,19,1024,0,0,0,1,17,10240,10253,23,10230,3,65,1,82,13,6,78,97,1,55,16
240,20180901,76,12,18,40,16,0,1,70,15,145,86,5,209,13,34,6,104,76,1868,0,0,0,1,31,10271,10279,21,10254,1,65,1,83,12,2,74,97,1,45,12
240,20180902,57,32,33,50,16,10,2,80,14,165,95,4,226,14,38,6,110,81,1804,0,0,0,1,31,10251,10278,1,10220,24,63,24,83,13,1,75,97,3,51,16
240,20180903,11,34,35,50,14,20,2,80,14,187,135,2,229,14,123,6,44,32,1147,0,0,0,1,20,10190,10214,1,10171,24,50,24,75,12,7,84,94,2,70,10
240,20180904,11,24,26,40,15,10,8,70,1,205,178,24,250,15,171,24,32,24,976,0,0,0,1,18,10172,10181,21,10164,5,25,8,59,13,8,88,97,4,70,14
240,20180905,12,20,29,50,13,20,2,130,9,180,168,13,204,17,166,12,14,10,363,91,493,98,14,6,10174,10195,9,10156,23,22,8,65,16,8,92,98,8,80,16
240,20180906,311,25,29,50,14,10,1,130,9,164,135,22,185,14,120,24,8,6,461,53,108,62,11,8,10128,10150,1,10110,24,21,2,70,13,8,94,98,1,85,18
240,20180907,254,56,64,90,11,30,1,140,19,150,128,21,172,13,121,24,86,65,1660,29,109,76,4,27,10130,10162,24,10098,3,50,3,83,13,6,73,97,3,53,14
240,20180908,217,48,52,80,12,30,6,120,11,149,101,5,183,11,86,6,20,15,989,0,-1,-1,1,16,10179,10187,15,10163,1,65,5,82,11,8,76,93,5,61,11
240,20180909,204,45,48,80,12,30,1,110,12,181,129,1,226,16,111,6,57,43,1424,0,-1,-1,1,25,10186,10192,9,10179,1,64,24,83,16,8,76,94,24,57,12
240,20180910,242,48,52,80,13,30,3,120,15,173,147,6,190,12,124,6,14,11,805,0,0,0,1,14,10205,10219,12,10188,1,60,1,80,15,8,79,95,1,69,13
240,20180911,227,71,73,110,12,40,2,160,10,184,145,2,220,12,130,6,20,15,795,0,-1,-1,1,14,10192,10198,20,10185,5,27,24,75,12,8,84,96,24,71,12
240,20180912,343,23,30,60,8,0,23,120,8,147,108,24,183,2,73,24,1,1,543,22,13,7,6,9,10214,10234,19,10177,3,42,2,75,13,8,88,98,3,72,17
240,20180913,319,13,17,40,14,0,4,80,18,131,75,6,186,13,33,6,111,86,1625,0,0,0,1,26,10221,10228,9,10213,16,19,2,82,12,1,78,98,2,50,14
240,20180914,222,43,49,80,13,10,1,130,16,144,76,4,198,12,32,6,69,54,1301,0,-1,-1,1,21,10199,10214,1,10191,19,65,1,83,16,6,74,95,1,53,13
240,20180915,256,37,45,70,12,20,19,100,10,156,110,22,193,13,74,24,87,68,1452,0,-1,-1,1,24,10229,10247,20,10196,1,70,5,82,15,8,75,90,23,58,12
240,20180916,194,39,41,70,12,20,1,110,13,156,105,4,216,14,77,24,52,41,1234,0,0,0,1,21,10203,10232,1,10183,24,64,3,82,15,6,76,95,3,53,14
240,20180917,173,34,38,50,10,20,20,80,11,170,111,3,234,15,79,6,82,65,1438,0,0,0,1,25,10164,10188,8,10117,24,63,10,83,14,8,73,91,3,43,15
240,20180918,217,62,71,110,12,40,2,170,15,186,148,3,236,14,127,6,112,89,1644,0,0,0,1,29,10116,10148,24,10090,6,62,16,80,3,2,70,84,21,58,13
240,20180919,205,67,70,110,14,30,1,160,15,187,138,6,231,13,124,6,86,69,1377,0,0,0,1,24,10151,10161,20,10143,6,63,9,80,14,7,76,92,2,56,12
240,20180920,203,57,62,90,11,30,19,130,11,190,162,3,225,14,149,24,42,34,906,0,0,0,1,16,10121,10152,1,10043,24,66,18,80,16,8,76,90,19,63,15
240,20180921,244,97,111,130,12,50,1,250,20,155,103,20,198,3,99,18,50,41,1041,28,59,18,18,17,10062,10150,24,9986,5,61,18,82,15,6,68,89,6,51,15
240,20180922,238,47,55,90,10,20,19,130,9,129,108,24,165,10,105,6,11,9,566,50,77,26,20,9,10172,10180,13,10154,24,58,24,81,6,8,79,95,23,60,10
240,20180923,349,18,27,50,12,10,4,110,14,102,74,20,116,10,43,24,1,1,232,91,142,32,11,3,10163,10265,24,10120,10,36,2,75,22,7,90,97,5,75,22
240,20180924,314,38,44,80,11,10,22,150,9,107,65,24,157,13,23,24,94,77,1384,11,20,14,24,21,10337,10376,24,10277,1,65,24,81,13,4,73,93,24,48,12
240,20180925,195,10,15,30,9,0,19,60,13,107,56,5,167,15,12,6,81,67,1150,0,-1,-1,1,17,10376,10395,10,10352,24,56,4,83,14,5,77,98,4,51,12
240,20180926,219,45,48,80,11,20,1,120,11,131,65,1,188,14,20,6,96,80,1426,0,0,0,1,23,10320,10347,1,10304,24,61,8,81,17,4,76,91,24,59,14
240,20180927,220,27,33,60,16,10,24,90,16,146,101,4,210,14,73,6,105,88,1478,0,0,0,1,24,10255,10299,1,10219,22,57,3,83,17,2,75,98,3,42,12
240,20180928,15,42,43,60,9,10,23,100,3,125,61,24,162,14,7,24,42,35,910,0,0,0,1,14,10282,10316,21,10223,1,66,2,82,14,6,70,89,24,54,12
240,20180929,168,11,15,30,9,0,1,50,10,97,43,3,160,14,1,24,106,90,1408,0,0,0,1,20,10276,10315,1,10217,24,65,1,82,17,6,75,96,2,49,13
240,20180930,275,24,35,60,14,10,1,100,24,111,41,5,169,12,-7,6,81,69,1222,3,3,3,24,18,10172,10211,1,10155,23,65,4,81,14,6,74,93,4,58,11
240,20181001,322,41,47,90,11,10,3,160,15,98,77,19,131,11,38,6,61,52,956,30,34,6,8,14,10199,10227,19,10157,1,63,9,80,13,7,79,93,3,57,10
240,20181002,271,52,62,100,13,30,2,150,13,122,86,1,169,13,78,6,38,33,710,51,38,10,5,11,10167,10199,1,10141,9,28,8,80,14,7,82,96,8,61,14
240,20181003,276,40,47,60,2,30,19,100,3,132,98,6,160,12,79,6,75,65,1026,0,-1,-1,1,16,10246,10266,17,10192,1,63,22,77,12,6,72,93,23,54,11
240,20181004,210,42,44,70,10,30,1,100,11,144,101,24,182,14,70,24,16,14,522,0,-1,-1,1,9,10242,10258,1,10219,24,50,23,73,11,5,88,96,23,73,12
240,20181005,160,22,24,50,11,0,19,70,10,134,86,5,202,14,43,24,102,89,1231,0,0,0,1,20,10165,10215,1,10118,24,50,2,76,15,5,84,98,22,56,15
240,20181006,345,13,35,80,23,10,1,150,24,136,80,2,198,13,38,6,73,64,1150,24,8,3,20,18,10092,10140,24,10069,13,13,1,77,14,6,86,98,2,66,13
240,20181007,34,25,28,70,1,0,20,110,1,106,63,23,149,12,15,24,80,71,1033,0,-1,-1,1,15,10205,10228,21,10152,1,65,7,82,14,6,78,97,21,57,15
240,20181008,211,38,41,70,12,10,1,100,13,112,57,1,167,14,13,6,73,65,967,0,0,0,1,15,10211,10221,1,10200,17,65,1,82,13,8,83,97,1,59,13
240,20181009,183,32,33,50,9,20,18,80,10,127,83,5,182,14,35,24,84,75,1139,0,0,0,1,18,10204,10213,9,10196,4,57,3,82,15,6,81,97,3,58,15
240,20181010,88,35,37,50,11,10,1,80,11,155,74,4,228,14,34,6,98,89,1161,0,0,0,1,19,10159,10200,1,10108,23,30,3,81,15,1,77,98,4,53,13
240,20181011,140,49,50,70,24,30,4,100,12,175,132,4,222,14,118,6,56,51,849,6,2,2,24,15,10104,10112,23,10095,5,60,6,82,16,4,75,88,4,60,15
240,20181012,173,60,61,80,11,40,5,120,10,180,135,6,217,14,121,6,81,74,997,0,-1,-1,1,18,10161,10177,21,10120,1,65,4,82,13,7,79,93,7,58,14
240,20181013,153,52,53,70,12,40,7,100,3,198,162,7,256,14,148,12,90,83,1017,0,0,0,1,18,10150,10176,2,10111,24,70,1,83,15,7,73,84,1,56,14
240,20181014,157,43,45,80,11,10,22,130,14,181,149,6,238,13,103,24,78,72,962,0,0,0,1,17,10078,10106,1,10061,13,70,6,83,16,6,69,81,6,51,14
240,20181015,190,21,32,60,12,10,1,80,9,170,129,24,224,13,83,24,60,56,899,0,-1,-1,1,15,10118,10158,24,10085,2,15,24,81,9,6,76,98,23,60,11
240,20181016,159,19,22,40,21,10,2,50,13,161,113,6,233,14,78,12,68,64,883,0,0,0,1,15,10173,10179,10,10161,1,1,5,80,14,6,80,98,1,50,13
240,20181017,274,19,25,50,12,10,2,70,10,142,99,23,191,11,49,24,77,73,858,0,0,0,1,14,10197,10228,24,10171,3,9,6,75,9,8,86,98,5,70,10
240,20181018,26,30,33,50,10,10,1,90,11,127,82,24,158,11,33,24,51,48,687,0,-1,-1,1,11,10252,10265,21,10229,1,57,20,81,12,7,80,96,1,64,12
240,20181019,50,20,23,40,7,10,19,70,7,96,46,24,147,13,2,24,75,72,886,0,0,0,1,13,10264,10286,24,10252,14,56,23,81,13,5,81,97,23,59,13
240,20181020,231,20,24,40,11,0,2,70,13,107,42,2,161,12,2,6,37,36,614,0,0,0,1,9,10304,10318,10,10284,1,58,2,80,11,7,86,97,1,68,12
240,20181021,194,33,35,50,10,10,23,80,15,129,94,22,162,12,77,24,17,16,569,0,0,0,1,9,10276,10298,1,10260,16,50,24,67,17,8,78,94,24,63,11
240,20181022,333,32,41,60,11,20,18,100,2,118,64,21,150,12,25,24,70,68,763,0,-1,-1,1,12,10321,10343,17,10273,1,63,1,82,24,5,73,94,1,52,14
240,20181023,282,88,90,110,13,60,1,150,11,134,102,1,150,19,83,6,6,6,288,0,-1,-1,1,5,10242,10294,1,10223,24,61,14,75,1,8,78,84,23,70,1
240,20181024,301,59,64,90,1,30,17,150,3,141,127,23,162,11,116,24,32,32,542,10,3,2,16,9,10237,10254,10,10213,24,43,5,75,11,8,89,97,18,78,11
240,20181025,269,38,42,60,1,30,7,90,3,123,109,23,134,11,106,24,2,2,202,10,6,3,16,3,10180,10207,1,10133,24,39,13,75,5,8,86,95,13,75,5
240,20181026,254,44,54,70,4,20,23,140,17,98,61,20,124,12,51,24,12,12,259,58,43,8,21,4,10064,10126,1,10044,14,38,7,80,15,8,85,94,1,69,15
240,20181027,37,14,28,60,21,10,2,100,22,74,48,6,117,14,36,6,44,44,581,34,55,17,6,8,10093,10156,24,10051,1,58,2,75,10,6,81,94,5,71,15
240,20181028,62,58,60,80,13,40,7,130,13,53,25,7,79,12,10,12,87,88,874,0,0,0,1,11,10172,10187,10,10150,23,75,1,83,8,2,68,80,1,54,13
240,20181029,55,61,62,80,23,40,1,130,21,54,36,3,63,12,26,6,8,8,256,0,0,0,1,3,10049,10148,1,9926,24,70,2,75,1,8,82,90,6,77,14
240,20181030,186,17,68,110,20,30,9,170,19,62,38,17,102,22,37,18,1,1,156,128,215,48,4,2,9899,10024,24,9856,9,29,4,75,24,8,90,96,18,75,24
240,20181031,163,33,48,90,1,30,13,130,1,85,53,8,112,15,44,12,71,73,627,0,-1,-1,1,9,10106,10130,11,10039,1,65,4,80,13,7,81,94,6,65,14
240,20181101,152,54,56,70,11,40,1,100,9,103,83,7,123,10,71,12,7,7,296,35,26,12,16,4,10081,10102,1,10068,14,58,23,80,10,8,83,95,18,68,10
240,20181102,262,43,50,80,2,30,5,120,1,86,38,24,115,11,32,24,65,68,714,36,39,15,16,10,10216,10288,23,10098,1,59,1,83,12,6,79,93,2,56,13
240,20181103,160,33,35,60,13,20,1,80,12,54,11,4,107,14,-7,6,70,74,603,0,0,0,1,8,10264,10288,1,10206,24,57,8,75,12,6,87,97,4,70,13
240,20181104,125,32,34,50,11,20,15,80,11,62,19,7,111,15,8,12,72,76,623,0,0,0,1,8,10152,10199,1,10115,24,42,23,66,4,6,88,97,23,79,12
240,20181105,88,34,35,50,11,20,21,80,15,79,52,5,103,14,41,6,21,22,391,0,0,0,1,5,10081,10108,1,10056,23,35,22,57,10,7,94,97,20,90,11
240,20181106,139,38,38,50,10,30,1,80,10,122,65,2,189,14,53,6,55,59,558,0,0,0,1,9,10049,10055,7,10039,14,40,1,82,14,8,81,97,1,61,12
240,20181107,158,63,65,80,10,50,1,130,13,108,83,6,132,13,72,6,15,16,303,10,5,5,14,5,10061,10112,24,10043,7,65,23,75,9,6,84,92,23,73,12
240,20181108,162,34,44,60,1,30,8,100,1,90,50,21,130,13,26,24,80,87,656,0,0,0,1,9,10180,10205,12,10118,1,65,1,75,10,2,85,93,20,72,15
240,20181109,135,47,51,70,21,40,3,100,22,92,69,1,114,14,54,6,36,39,422,0,0,0,1,6,10103,10162,1,10029,24,59,8,70,1,7,86,91,7,81,1
240,20181110,166,66,68,90,3,50,16,140,5,113,91,24,130,13,83,24,2,2,144,64,31,10,15,2,9999,10019,1,9982,5,56,6,70,1,7,92,97,17,82,3
240,20181111,182,61,63,90,11,30,24,140,14,109,79,24,137,14,69,24,15,17,268,17,48,41,18,4,10040,10103,24,9999,3,59,24,75,12,8,89,97,24,77,14
240,20181112,179,40,41,60,21,30,1,90,21,100,80,1,124,13,70,6,9,10,251,39,11,4,8,4,10131,10164,24,10105,2,50,3,70,13,8,94,98,1,88,14
240,20181113,215,64,68,100,10,40,19,150,10,102,78,24,136,13,70,24,60,67,529,0,0,0,1,8,10215,10273,24,10165,1,59,5,75,11,5,88,96,24,73,14
240,20181114,170,40,43,60,14,30,17,80,12,86,59,24,131,14,43,24,73,82,515,0,0,0,1,7,10260,10273,1,10247,23,59,24,72,13,8,90,96,1,75,14
240,20181115,133,31,32,40,1,20,21,60,1,73,32,24,124,14,7,24,79,90,552,0,0,0,1,7,10245,10257,24,10238,16,59,1,70,13,3,87,95,6,74,15
240,20181116,101,25,28,40,2,10,16,80,8,32,-6,6,51,21,-18,6,2,2,158,0,0,0,1,2,10281,10296,24,10258,1,2,7,60,1,3,95,98,7,89,22
240,20181117,78,48,49,60,9,30,1,100,18,45,13,6,82,13,1,6,75,86,562,0,0,0,1,7,10311,10319,10,10299,1,57,7,68,17,0,80,92,6,69,14
240,20181118,61,58,58,80,24,40,4,120,11,38,4,8,68,13,-8,12,67,77,524,0,0,0,1,6,10299,10318,3,10273,24,59,4,83,16,4,73,86,8,51,16
240,20181119,58,81,82,100,24,70,1,150,21,54,36,22,72,13,26,24,12,14,201,3,2,2,16,3,10214,10266,1,10159,24,62,1,75,8,6,80,87,1,73,14
240,20181120,76,81,83,100,2,70,13,180,2,35,28,21,44,1,19,6,0,0,61,0,-1,-1,1,1,10110,10152,1,10088,19,63,9,75,1,8,76,82,22,70,2
240,20181121,92,45,46,70,1,30,12,110,1,36,20,2,52,14,11,6,12,14,279,0,-1,-1,1,3,10167,10202,22,10101,1,56,24,62,1,8,81,85,1,75,14
240,20181122,83,37,38,50,1,20,23,80,6,33,11,24,44,15,-2,24,10,12,175,0,0,0,1,2,10197,10202,1,10191,15,56,1,60,22,8,85,93,24,82,14
240,20181123,82,30,32,40,15,20,3,60,5,34,9,8,59,14,-1,6,5,6,227,0,0,0,1,3,10167,10194,1,10130,24,56,8,60,1,7,88,95,24,80,13
240,20181124,66,40,41,60,3,20,19,100,4,26,14,1,34,20,3,6,0,0,128,0,0,0,1,1,10120,10128,1,10114,5,5,6,56,17,8,94,98,3,88,20
240,20181125,61,46,46,60,14,20,1,100,15,38,24,3,50,24,19,6,5,6,150,0,-1,-1,1,2,10117,10127,10,10111,24,32,23,59,9,8,91,94,2,88,12
240,20181126,67,48,49,60,1,40,14,100,13,47,33,20,57,12,26,24,0,0,98,0,-1,-1,1,1,10136,10175,23,10108,4,45,1,61,21,8,86,90,1,82,17
240,20181127,120,35,39,60,22,20,5,90,23,32,13,19,53,11,-3,24,0,0,141,0,0,0,1,2,10190,10199,13,10174,24,30,20,61,1,7,87,94,20,80,12
240,20181128,152,76,78,90,13,70,1,130,13,65,34,1,96,24,25,6,0,0,95,64,29,9,14,1,10146,10170,1,10121,24,23,8,62,16,8,94,97,19,85,2
240,20181129,172,74,75,100,12,50,3,140,12,103,96,1,111,24,84,24,3,4,111,105,36,7,1,2,10081,10120,2,10051,14,45,1,75,16,8,88,98,1,79,18
240,20181130,201,62,63,80,7,50,3,120,9,91,58,22,117,14,45,24,56,69,367,0,0,0,1,5,10085,10112,24,10064,1,61,24,73,12,5,86,95,24,76,11
240,20181201,179,64,65,90,17,40,3,130,16,74,40,3,100,24,26,6,2,2,208,69,19,5,18,3,10071,10113,2,10002,24,29,21,69,15,7,95,98,23,88,15
240,20181202,222,76,82,100,11,60,6,150,10,124,100,1,137,13,97,6,0,0,110,54,20,6,6,2,9972,9994,1,9950,7,29,7,70,12,8,92,98,4,86,15
240,20181203,244,67,78,110,4,30,24,170,2,112,55,24,134,2,39,24,10,12,204,15,20,18,19,3,9992,10083,24,9965,15,57,19,70,1,6,87,97,19,80,10
240,20181204,231,6,22,40,3,10,8,100,3,51,19,21,94,13,-3,24,57,71,364,6,2,1,1,5,10203,10255,21,10096,1,65,8,82,13,5,85,95,24,62,13
240,20181205,147,51,52,80,18,20,1,110,18,60,28,2,89,24,7,6,0,0,107,32,15,7,14,1,10186,10250,1,10112,24,40,15,70,9,8,93,98,22,85,12
240,20181206,227,66,68,100,21,40,2,150,19,113,88,1,123,21,86,6,0,0,85,40,17,7,4,1,10128,10144,11,10108,1,19,4,70,12,8,95,98,1,88,13
240,20181207,229,84,95,110,8,60,17,190,16,103,69,19,120,4,56,24,0,0,51,95,97,26,15,1,10024,10108,1,9949,15,26,1,73,22,7,88,98,1,67,22
240,20181208,248,112,115,130,9,90,18,210,9,98,78,1,115,21,61,6,7,9,144,64,61,16,18,2,9974,10018,1,9913,22,58,21,70,19,8,79,92,18,71,13
240,20181209,287,90,95,130,1,70,9,200,2,81,55,23,101,12,41,24,28,36,219,59,67,15,8,3,10028,10164,24,9922,1,40,15,75,19,7,81,92,8,74,22
240,20181210,311,64,65,90,9,30,5,170,9,59,31,5,81,12,20,6,30,38,242,21,27,8,10,3,10214,10242,24,10169,1,60,15,80,13,5,78,90,5,64,14
240,20181211,312,22,24,50,1,0,22,90,5,45,7,23,79,12,-11,24,20,26,190,12,9,3,6,2,10244,10252,22,10238,2,7,24,75,1,6,88,98,24,77,4
240,20181212,89,28,29,50,13,0,2,80,13,22,-21,3,59,13,-30,6,46,59,345,0,-1,-1,1,4,10257,10271,10,10242,24,2,3,80,16,4,86,98,3,68,17
240,20181213,75,55,56,70,12,40,3,110,13,16,1,4,27,11,-11,6,63,81,372,0,0,0,1,4,10226,10239,1,10217,14,57,6,75,15,2,86,93,3,79,12
240,20181214,77,33,35,40,1,20,16,70,8,14,-14,18,37,13,-29,18,50,65,321,0,0,0,1,4,10246,10262,19,10229,5,60,7,68,23,6,84,92,2,72,13
240,20181215,136,62,64,100,16,20,1,170,21,4,-11,24,14,1,-11,18,0,0,98,10,6,6,24,1,10205,10261,1,10104,24,43,24,74,13,8,72,95,24,62,13
240,20181216,156,48,49,90,1,30,11,130,1,17,-8,1,38,19,-9,6,0,0,98,33,20,11,1,1,10099,10122,24,10083,6,1,11,50,3,8,97,98,8,95,1
240,20181217,200,37,52,70,12,40,2,100,12,53,20,22,90,14,7,24,8,10,108,55,35,12,7,1,10166,10226,23,10115,4,4,1,70,11,8,94,98,1,81,12
240,20181218,153,58,62,80,18,40,1,130,20,65,35,1,79,13,25,6,10,13,162,0,0,0,1,2,10165,10221,1,10079,24,19,5,75,19,8,88,97,1,75,24
240,20181219,176,57,58,80,1,40,7,120,1,71,54,2,95,14,47,6,13,17,131,22,6,3,5,2,10086,10098,10,10072,3,58,8,75,1,7,90,96,5,75,1
240,20181220,193,65,67,90,22,40,1,130,22,75,61,2,83,17,56,6,0,0,95,20,8,2,1,1,10081,10089,20,10073,24,61,1,70,10,8,91,96,1,87,10
240,20181221,231,70,87,130,12,30,24,220,13,95,71,4,135,12,68,6,0,0,89,90,138,34,5,1,10007,10067,1,9950,10,50,4,70,1,8,90,98,4,77,17
240,20181222,263,65,67,90,4,40,5,160,4,92,68,24,101,10,53,24,7,9,125,36,94,76,3,2,10123,10194,24,10036,3,40,6,70,4,8,88,98,6,83,9
240,20181223,236,16,37,50,4,20,15,70,1,67,40,4,85,13,33,6,0,0,69,127,73,16,17,1,10173,10200,24,10135,16,36,15,66,1,8,96,98,10,90,1
240,20181224,301,17,22,40,1,10,8,90,1,65,44,3,89,14,33,6,51,66,319,0,-1,-1,1,4,10308,10354,20,10209,1,65,3,75,11,6,83,93,9,70,21
240,20181225,227,45,48,60,11,30,1,90,13,58,38,6,85,12,18,6,22,29,214,0,0,0,1,3,10343,10354,3,10328,24,64,23,75,1,7,80,85,8,70,3
240,20181226,202,38,39,50,1,30,4,70,1,53,37,23,64,12,37,6,0,0,94,0,0,0,1,1,10309,10325,1,10285,24,50,9,65,1,8,88,93,8,85,1
240,20181227,175,20,20,30,1,10,12,40,1,26,-6,22,55,14,-20,24,30,39,245,0,0,0,1,3,10264,10282,1,10255,15,58,23,67,14,8,86,94,24,75,14
240,20181228,195,23,25,40,19,10,1,60,20,52,8,1,72,21,-3,6,0,0,61,0,0,0,1,1,10288,10314,21,10259,1,50,18,59,4,8,93,96,24,91,3
240,20181229,261,55,72,110,13,30,1,170,20,87,68,1,108,18,64,6,0,0,55,3,1,1,18,1,10287,10315,2,10257,14,30,14,70,17,8,89,98,4,74,20
240,20181230,279,41,45,70,1,30,6,120,1,88,68,7,98,12,56,12,2,3,130,6,1,1,21,2,10321,10331,8,10312,1,18,21,70,4,8,91,98,16,80,1
240,20181231,273,42,45,70,24,30,5,110,23,90,83,21,109,13,76,24,16,21,205,0,-1,-1,1,3,10330,10344,10,10311,24,50,24,70,22,8,92,97,6,80,24
