,avg_windspeed,max_windspeed,avg_temp,min_temp,max_temp,avg_downfall,min_vis,max_vis,avg_overcast,date
1,53.0,100.0,16.0,0.0,32.0,6.0,1.0,37.0,8.0,2017-01-01
2,33.0,160.0,32.0,-1.0,67.0,20.0,27.0,80.0,5.0,2017-01-02
3,72.0,140.0,57.0,16.0,74.0,4.0,61.0,75.0,8.0,2017-01-03
4,80.0,210.0,59.0,24.0,76.0,6.0,38.0,72.0,6.0,2017-01-04
5,30.0,80.0,3.0,-43.0,40.0,-1.0,65.0,83.0,2.0,2017-01-05
6,40.0,80.0,-25.0,-59.0,-2.0,3.0,47.0,75.0,8.0,2017-01-06
7,41.0,110.0,7.0,-13.0,35.0,9.0,1.0,58.0,7.0,2017-01-07
8,15.0,40.0,44.0,11.0,72.0,0.0,2.0,75.0,8.0,2017-01-08
9,52.0,120.0,54.0,39.0,66.0,67.0,2.0,59.0,8.0,2017-01-09
10,38.0,130.0,57.0,31.0,74.0,13.0,58.0,70.0,7.0,2017-01-10
11,102.0,200.0,72.0,49.0,98.0,5.0,33.0,67.0,6.0,2017-01-11
12,71.0,170.0,53.0,2.0,79.0,169.0,28.0,69.0,8.0,2017-01-12
13,84.0,210.0,37.0,2.0,62.0,89.0,24.0,80.0,7.0,2017-01-13
14,54.0,170.0,25.0,0.0,49.0,68.0,38.0,80.0,6.0,2017-01-14
15,19.0,60.0,11.0,-33.0,36.0,-1.0,65.0,70.0,7.0,2017-01-15
16,21.0,60.0,-8.0,-50.0,33.0,0.0,4.0,80.0,4.0,2017-01-16
17,18.0,50.0,-35.0,-67.0,4.0,-1.0,8.0,57.0,4.0,2017-01-17
18,14.0,40.0,-34.0,-62.0,-16.0,1.0,2.0,32.0,8.0,2017-01-18
19,13.0,70.0,-14.0,-57.0,48.0,0.0,26.0,82.0,1.0,2017-01-19
20,25.0,60.0,3.0,-51.0,48.0,0.0,49.0,83.0,4.0,2017-01-20
21,30.0,90.0,4.0,-49.0,46.0,0.0,42.0,72.0,2.0,2017-01-21
22,13.0,40.0,-16.0,-69.0,37.0,0.0,0.0,59.0,3.0,2017-01-22
23,20.0,60.0,0.0,-63.0,32.0,3.0,0.0,36.0,7.0,2017-01-23
24,20.0,50.0,13.0,-3.0,31.0,1.0,1.0,59.0,8.0,2017-01-24
25,30.0,70.0,-9.0,-41.0,7.0,0.0,16.0,57.0,6.0,2017-01-25
26,38.0,70.0,-25.0,-48.0,-1.0,0.0,57.0,62.0,0.0,2017-01-26
27,46.0,90.0,8.0,-42.0,47.0,0.0,59.0,69.0,5.0,2017-01-27
28,53.0,100.0,57.0,24.0,94.0,0.0,64.0,73.0,8.0,2017-01-28
29,52.0,110.0,44.0,29.0,61.0,8.0,56.0,67.0,8.0,2017-01-29
30,46.0,110.0,50.0,31.0,71.0,62.0,13.0,70.0,8.0,2017-01-30
31,33.0,90.0,40.0,31.0,57.0,0.0,56.0,75.0,8.0,2017-01-31
32,55.0,100.0,37.0,4.0,64.0,7.0,10.0,68.0,8.0,2017-02-01
33,59.0,110.0,89.0,57.0,129.0,7.0,41.0,74.0,7.0,2017-02-02
34,41.0,80.0,84.0,62.0,114.0,-1.0,60.0,75.0,6.0,2017-02-03
35,33.0,80.0,54.0,25.0,72.0,96.0,22.0,70.0,6.0,2017-02-04
36,22.0,100.0,40.0,16.0,61.0,3.0,1.0,61.0,8.0,2017-02-05
37,20.0,60.0,44.0,16.0,62.0,0.0,34.0,62.0,8.0,2017-02-06
38,52.0,100.0,24.0,9.0,41.0,8.0,18.0,57.0,8.0,2017-02-07
39,64.0,110.0,-1.0,-9.0,9.0,2.0,25.0,56.0,8.0,2017-02-08
40,60.0,100.0,-14.0,-20.0,-8.0,-1.0,50.0,57.0,8.0,2017-02-09
41,45.0,100.0,-22.0,-40.0,-15.0,1.0,20.0,57.0,7.0,2017-02-10
42,54.0,130.0,-4.0,-16.0,8.0,60.0,2.0,42.0,8.0,2017-02-11
43,65.0,120.0,3.0,-13.0,20.0,8.0,7.0,56.0,4.0,2017-02-12
44,61.0,120.0,16.0,-15.0,53.0,0.0,40.0,60.0,0.0,2017-02-13
45,39.0,100.0,37.0,-3.0,89.0,0.0,57.0,63.0,0.0,2017-02-14
46,36.0,80.0,68.0,11.0,129.0,2.0,56.0,64.0,2.0,2017-02-15
47,52.0,100.0,62.0,30.0,95.0,0.0,16.0,70.0,6.0,2017-02-16
48,50.0,120.0,69.0,51.0,82.0,1.0,4.0,70.0,8.0,2017-02-17
49,30.0,60.0,43.0,17.0,88.0,0.0,1.0,60.0,7.0,2017-02-18
50,50.0,100.0,64.0,20.0,101.0,3.0,25.0,65.0,7.0,2017-02-19
51,71.0,140.0,91.0,73.0,110.0,24.0,18.0,70.0,8.0,2017-02-20
52,65.0,180.0,91.0,71.0,106.0,13.0,24.0,73.0,8.0,2017-02-21
53,97.0,200.0,89.0,73.0,101.0,146.0,32.0,70.0,8.0,2017-02-22
54,127.0,280.0,77.0,41.0,105.0,94.0,32.0,70.0,8.0,2017-02-23
55,50.0,140.0,44.0,-1.0,82.0,1.0,61.0,80.0,3.0,2017-02-24
56,74.0,150.0,58.0,11.0,87.0,17.0,59.0,75.0,8.0,2017-02-25
57,80.0,150.0,87.0,69.0,106.0,13.0,19.0,75.0,8.0,2017-02-26
58,89.0,180.0,83.0,43.0,102.0,67.0,58.0,75.0,7.0,2017-02-27
59,78.0,150.0,44.0,21.0,66.0,33.0,42.0,75.0,7.0,2017-02-28
60,48.0,110.0,61.0,36.0,89.0,32.0,44.0,82.0,7.0,2017-03-01
61,90.0,230.0,63.0,28.0,84.0,48.0,50.0,75.0,7.0,2017-03-02
62,48.0,110.0,58.0,12.0,89.0,1.0,59.0,75.0,7.0,2017-03-03
63,42.0,110.0,86.0,60.0,131.0,32.0,58.0,75.0,8.0,2017-03-04
64,70.0,150.0,68.0,41.0,110.0,36.0,61.0,80.0,6.0,2017-03-05
65,22.0,90.0,59.0,25.0,100.0,25.0,40.0,76.0,6.0,2017-03-06
66,38.0,80.0,66.0,41.0,90.0,0.0,32.0,75.0,8.0,2017-03-07
67,55.0,150.0,59.0,21.0,101.0,137.0,26.0,65.0,7.0,2017-03-08
68,63.0,180.0,73.0,11.0,122.0,2.0,1.0,81.0,5.0,2017-03-09
69,23.0,60.0,66.0,-5.0,116.0,0.0,4.0,81.0,4.0,2017-03-10
70,25.0,60.0,77.0,25.0,125.0,0.0,67.0,80.0,8.0,2017-03-11
71,31.0,70.0,89.0,44.0,152.0,0.0,75.0,83.0,8.0,2017-03-12
72,29.0,80.0,63.0,5.0,123.0,0.0,56.0,74.0,7.0,2017-03-13
73,46.0,110.0,81.0,33.0,136.0,0.0,50.0,64.0,8.0,2017-03-14
74,23.0,90.0,89.0,43.0,135.0,0.0,57.0,76.0,4.0,2017-03-15
75,38.0,100.0,99.0,28.0,165.0,0.0,42.0,67.0,1.0,2017-03-16
76,83.0,200.0,81.0,65.0,105.0,40.0,29.0,78.0,8.0,2017-03-17
77,68.0,230.0,91.0,76.0,115.0,47.0,25.0,70.0,8.0,2017-03-18
78,98.0,180.0,113.0,95.0,136.0,10.0,33.0,68.0,8.0,2017-03-19
79,97.0,220.0,103.0,82.0,113.0,33.0,26.0,75.0,8.0,2017-03-20
80,68.0,160.0,71.0,29.0,95.0,0.0,59.0,80.0,6.0,2017-03-21
81,48.0,120.0,71.0,12.0,128.0,0.0,62.0,82.0,4.0,2017-03-22
82,56.0,130.0,82.0,19.0,132.0,0.0,59.0,79.0,2.0,2017-03-23
83,65.0,130.0,86.0,48.0,132.0,0.0,58.0,81.0,5.0,2017-03-24
84,56.0,120.0,87.0,39.0,135.0,0.0,70.0,83.0,4.0,2017-03-25
85,45.0,120.0,81.0,54.0,115.0,0.0,60.0,75.0,8.0,2017-03-26
86,29.0,90.0,104.0,24.0,179.0,0.0,56.0,82.0,3.0,2017-03-27
87,40.0,120.0,117.0,34.0,199.0,0.0,59.0,72.0,4.0,2017-03-28
88,70.0,150.0,124.0,105.0,144.0,1.0,61.0,81.0,8.0,2017-03-29
89,48.0,110.0,157.0,96.0,215.0,0.0,69.0,81.0,7.0,2017-03-30
90,53.0,150.0,138.0,80.0,219.0,-1.0,67.0,80.0,8.0,2017-03-31
91,31.0,70.0,101.0,58.0,138.0,1.0,34.0,80.0,7.0,2017-04-01
92,34.0,120.0,100.0,50.0,158.0,0.0,44.0,80.0,2.0,2017-04-02
93,17.0,50.0,91.0,52.0,132.0,0.0,32.0,69.0,5.0,2017-04-03
94,25.0,80.0,99.0,45.0,166.0,0.0,22.0,80.0,2.0,2017-04-04
95,50.0,110.0,90.0,54.0,123.0,0.0,19.0,75.0,6.0,2017-04-05
96,41.0,100.0,80.0,48.0,117.0,-1.0,61.0,74.0,6.0,2017-04-06
97,45.0,90.0,106.0,76.0,147.0,0.0,59.0,82.0,7.0,2017-04-07
98,21.0,90.0,102.0,50.0,153.0,0.0,62.0,82.0,4.0,2017-04-08
99,30.0,140.0,127.0,45.0,203.0,0.0,57.0,67.0,1.0,2017-04-09
100,58.0,140.0,92.0,39.0,132.0,-1.0,59.0,81.0,5.0,2017-04-10
101,54.0,110.0,98.0,38.0,135.0,0.0,68.0,82.0,6.0,2017-04-11
102,70.0,140.0,99.0,70.0,115.0,6.0,50.0,73.0,8.0,2017-04-12
103,53.0,100.0,87.0,43.0,124.0,0.0,60.0,76.0,5.0,2017-04-13
104,51.0,130.0,99.0,42.0,134.0,9.0,58.0,83.0,7.0,2017-04-14
105,74.0,140.0,93.0,53.0,116.0,27.0,56.0,81.0,7.0,2017-04-15
106,44.0,130.0,77.0,47.0,108.0,61.0,57.0,79.0,6.0,2017-04-16
107,49.0,170.0,67.0,27.0,112.0,52.0,33.0,81.0,5.0,2017-04-17
108,46.0,110.0,64.0,17.0,110.0,27.0,58.0,83.0,4.0,2017-04-18
109,25.0,90.0,51.0,3.0,94.0,0.0,75.0,83.0,5.0,2017-04-19
110,37.0,90.0,75.0,0.0,121.0,0.0,67.0,81.0,7.0,2017-04-20
111,55.0,100.0,108.0,74.0,137.0,11.0,38.0,75.0,8.0,2017-04-21
112,54.0,140.0,78.0,40.0,114.0,12.0,58.0,80.0,7.0,2017-04-22
113,38.0,100.0,71.0,28.0,114.0,8.0,63.0,82.0,7.0,2017-04-23
114,62.0,130.0,92.0,60.0,124.0,22.0,59.0,75.0,8.0,2017-04-24
115,64.0,170.0,60.0,29.0,99.0,21.0,61.0,82.0,5.0,2017-04-25
116,35.0,130.0,57.0,-2.0,110.0,11.0,63.0,83.0,4.0,2017-04-26
117,43.0,120.0,69.0,4.0,106.0,17.0,60.0,82.0,6.0,2017-04-27
118,37.0,110.0,78.0,43.0,118.0,35.0,58.0,82.0,6.0,2017-04-28
119,24.0,60.0,82.0,21.0,137.0,0.0,65.0,83.0,3.0,2017-04-29
120,70.0,160.0,130.0,52.0,192.0,0.0,75.0,83.0,5.0,2017-04-30
121,40.0,110.0,119.0,92.0,144.0,4.0,61.0,83.0,8.0,2017-05-01
122,35.0,100.0,113.0,79.0,154.0,19.0,30.0,81.0,7.0,2017-05-02
123,43.0,90.0,109.0,79.0,143.0,31.0,36.0,72.0,8.0,2017-05-03
124,70.0,150.0,106.0,86.0,128.0,-1.0,60.0,75.0,7.0,2017-05-04
125,53.0,130.0,94.0,78.0,111.0,1.0,60.0,75.0,8.0,2017-05-05
126,54.0,110.0,124.0,67.0,175.0,0.0,50.0,72.0,5.0,2017-05-06
127,48.0,100.0,111.0,85.0,156.0,-1.0,50.0,76.0,7.0,2017-05-07
128,53.0,140.0,98.0,38.0,154.0,-1.0,59.0,81.0,4.0,2017-05-08
129,32.0,90.0,86.0,29.0,132.0,0.0,65.0,81.0,6.0,2017-05-09
130,22.0,60.0,93.0,38.0,143.0,0.0,70.0,82.0,4.0,2017-05-10
131,40.0,90.0,157.0,54.0,230.0,-1.0,65.0,82.0,3.0,2017-05-11
132,40.0,90.0,154.0,123.0,204.0,89.0,47.0,79.0,7.0,2017-05-12
133,41.0,90.0,139.0,92.0,182.0,25.0,35.0,76.0,6.0,2017-05-13
134,45.0,140.0,138.0,86.0,202.0,25.0,21.0,81.0,3.0,2017-05-14
135,37.0,100.0,149.0,73.0,206.0,3.0,62.0,82.0,5.0,2017-05-15
136,44.0,110.0,201.0,159.0,258.0,-1.0,75.0,83.0,8.0,2017-05-16
137,33.0,100.0,223.0,161.0,285.0,0.0,61.0,83.0,7.0,2017-05-17
138,45.0,120.0,152.0,130.0,207.0,12.0,41.0,80.0,8.0,2017-05-18
139,67.0,150.0,129.0,97.0,164.0,46.0,43.0,75.0,8.0,2017-05-19
140,39.0,100.0,134.0,90.0,175.0,-1.0,50.0,83.0,4.0,2017-05-20
141,30.0,80.0,144.0,72.0,199.0,0.0,59.0,82.0,5.0,2017-05-21
142,28.0,90.0,180.0,97.0,241.0,0.0,65.0,82.0,4.0,2017-05-22
143,43.0,110.0,154.0,115.0,190.0,0.0,61.0,82.0,7.0,2017-05-23
144,36.0,100.0,155.0,100.0,211.0,0.0,57.0,81.0,7.0,2017-05-24
145,27.0,80.0,172.0,91.0,222.0,0.0,4.0,82.0,0.0,2017-05-25
146,45.0,90.0,204.0,122.0,256.0,0.0,70.0,83.0,0.0,2017-05-26
147,55.0,140.0,223.0,165.0,306.0,0.0,75.0,83.0,2.0,2017-05-27
148,35.0,80.0,189.0,146.0,234.0,0.0,70.0,83.0,5.0,2017-05-28
149,38.0,180.0,207.0,153.0,269.0,70.0,30.0,80.0,8.0,2017-05-29
150,63.0,130.0,172.0,155.0,194.0,2.0,30.0,80.0,7.0,2017-05-30
151,34.0,90.0,166.0,113.0,208.0,0.0,61.0,82.0,3.0,2017-05-31
152,18.0,50.0,170.0,87.0,229.0,0.0,65.0,83.0,2.0,2017-06-01
153,23.0,90.0,203.0,126.0,250.0,0.0,70.0,83.0,5.0,2017-06-02
154,35.0,100.0,177.0,135.0,221.0,24.0,57.0,80.0,7.0,2017-06-03
155,50.0,120.0,154.0,111.0,190.0,0.0,56.0,82.0,3.0,2017-06-04
156,48.0,130.0,170.0,114.0,212.0,0.0,70.0,83.0,8.0,2017-06-05
157,98.0,240.0,144.0,112.0,178.0,85.0,49.0,83.0,8.0,2017-06-06
158,108.0,210.0,143.0,121.0,182.0,22.0,58.0,80.0,8.0,2017-06-07
159,59.0,130.0,163.0,121.0,225.0,18.0,31.0,80.0,8.0,2017-06-08
160,59.0,130.0,161.0,128.0,191.0,140.0,34.0,75.0,5.0,2017-06-09
161,45.0,100.0,180.0,118.0,236.0,0.0,59.0,83.0,3.0,2017-06-10
162,52.0,140.0,197.0,129.0,269.0,0.0,66.0,82.0,4.0,2017-06-11
163,80.0,150.0,163.0,145.0,191.0,0.0,66.0,76.0,7.0,2017-06-12
164,40.0,90.0,162.0,114.0,201.0,0.0,65.0,82.0,3.0,2017-06-13
165,25.0,70.0,181.0,102.0,238.0,0.0,57.0,83.0,3.0,2017-06-14
166,57.0,140.0,198.0,147.0,256.0,0.0,61.0,81.0,5.0,2017-06-15
167,62.0,120.0,161.0,133.0,184.0,0.0,70.0,82.0,7.0,2017-06-16
168,37.0,80.0,186.0,149.0,229.0,0.0,60.0,80.0,4.0,2017-06-17
169,19.0,60.0,214.0,124.0,274.0,0.0,56.0,82.0,0.0,2017-06-18
170,25.0,100.0,242.0,168.0,298.0,0.0,65.0,82.0,2.0,2017-06-19
171,48.0,110.0,211.0,158.0,252.0,0.0,59.0,80.0,7.0,2017-06-20
172,41.0,90.0,207.0,139.0,264.0,0.0,75.0,81.0,8.0,2017-06-21
173,63.0,160.0,216.0,165.0,284.0,68.0,8.0,81.0,7.0,2017-06-22
174,70.0,140.0,186.0,163.0,214.0,1.0,56.0,80.0,7.0,2017-06-23
175,78.0,140.0,181.0,164.0,201.0,17.0,27.0,75.0,8.0,2017-06-24
176,68.0,120.0,173.0,158.0,196.0,41.0,49.0,80.0,8.0,2017-06-25
177,38.0,80.0,161.0,120.0,195.0,0.0,65.0,82.0,4.0,2017-06-26
178,50.0,100.0,175.0,114.0,225.0,11.0,56.0,81.0,8.0,2017-06-27
179,48.0,100.0,179.0,145.0,225.0,17.0,50.0,67.0,8.0,2017-06-28
180,37.0,90.0,171.0,137.0,209.0,6.0,59.0,75.0,8.0,2017-06-29
181,37.0,90.0,164.0,121.0,196.0,56.0,50.0,80.0,8.0,2017-06-30
182,48.0,120.0,163.0,131.0,204.0,46.0,50.0,75.0,7.0,2017-07-01
183,50.0,100.0,158.0,106.0,195.0,1.0,57.0,80.0,5.0,2017-07-02
184,63.0,150.0,172.0,105.0,222.0,3.0,60.0,80.0,5.0,2017-07-03
185,20.0,80.0,182.0,135.0,228.0,0.0,26.0,83.0,6.0,2017-07-04
186,29.0,90.0,190.0,132.0,239.0,0.0,66.0,83.0,3.0,2017-07-05
187,30.0,110.0,204.0,133.0,268.0,165.0,36.0,82.0,5.0,2017-07-06
188,35.0,100.0,198.0,164.0,248.0,81.0,50.0,75.0,8.0,2017-07-07
189,30.0,100.0,181.0,115.0,230.0,4.0,56.0,81.0,7.0,2017-07-08
190,23.0,90.0,178.0,99.0,229.0,0.0,65.0,83.0,4.0,2017-07-09
191,34.0,110.0,192.0,154.0,250.0,1.0,66.0,81.0,7.0,2017-07-10
192,48.0,100.0,182.0,153.0,211.0,36.0,58.0,82.0,8.0,2017-07-11
193,49.0,150.0,155.0,122.0,192.0,230.0,39.0,82.0,7.0,2017-07-12
194,15.0,70.0,153.0,99.0,197.0,0.0,65.0,82.0,6.0,2017-07-13
195,53.0,150.0,153.0,106.0,196.0,63.0,59.0,82.0,6.0,2017-07-14
196,43.0,100.0,173.0,111.0,221.0,2.0,56.0,83.0,8.0,2017-07-15
197,42.0,80.0,182.0,160.0,206.0,19.0,29.0,74.0,8.0,2017-07-16
198,24.0,70.0,180.0,128.0,226.0,0.0,24.0,82.0,4.0,2017-07-17
199,46.0,100.0,195.0,129.0,244.0,0.0,70.0,82.0,5.0,2017-07-18
200,52.0,140.0,229.0,179.0,301.0,1.0,62.0,80.0,7.0,2017-07-19
201,46.0,160.0,191.0,144.0,234.0,20.0,59.0,75.0,7.0,2017-07-20
202,40.0,100.0,184.0,126.0,222.0,0.0,65.0,83.0,4.0,2017-07-21
203,36.0,130.0,192.0,145.0,246.0,14.0,61.0,81.0,6.0,2017-07-22
204,51.0,120.0,163.0,133.0,202.0,89.0,60.0,81.0,6.0,2017-07-23
205,31.0,80.0,156.0,116.0,193.0,51.0,57.0,75.0,7.0,2017-07-24
206,53.0,140.0,165.0,123.0,202.0,46.0,60.0,80.0,5.0,2017-07-25
207,39.0,130.0,186.0,130.0,235.0,14.0,32.0,81.0,6.0,2017-07-26
208,63.0,130.0,182.0,164.0,211.0,1.0,65.0,80.0,8.0,2017-07-27
209,79.0,170.0,177.0,158.0,210.0,24.0,18.0,80.0,8.0,2017-07-28
210,58.0,160.0,185.0,164.0,231.0,293.0,27.0,82.0,8.0,2017-07-29
211,64.0,160.0,183.0,142.0,216.0,23.0,56.0,81.0,6.0,2017-07-30
212,43.0,120.0,182.0,133.0,222.0,-1.0,69.0,81.0,7.0,2017-07-31
213,30.0,80.0,182.0,128.0,229.0,0.0,57.0,83.0,8.0,2017-08-01
214,49.0,140.0,183.0,154.0,218.0,18.0,61.0,82.0,8.0,2017-08-02
215,96.0,220.0,191.0,170.0,221.0,2.0,60.0,77.0,6.0,2017-08-03
216,79.0,170.0,186.0,162.0,215.0,1.0,64.0,81.0,6.0,2017-08-04
217,40.0,140.0,165.0,119.0,205.0,11.0,62.0,83.0,7.0,2017-08-05
218,42.0,110.0,163.0,107.0,211.0,0.0,65.0,83.0,2.0,2017-08-06
219,33.0,80.0,165.0,111.0,216.0,0.0,65.0,81.0,7.0,2017-08-07
220,38.0,100.0,166.0,129.0,195.0,47.0,58.0,74.0,7.0,2017-08-08
221,48.0,120.0,169.0,126.0,209.0,20.0,40.0,83.0,6.0,2017-08-09
222,30.0,80.0,164.0,106.0,204.0,2.0,56.0,80.0,6.0,2017-08-10
223,32.0,100.0,167.0,132.0,205.0,4.0,63.0,83.0,7.0,2017-08-11
224,43.0,110.0,170.0,120.0,216.0,81.0,27.0,75.0,7.0,2017-08-12
225,20.0,70.0,163.0,113.0,207.0,4.0,61.0,83.0,5.0,2017-08-13
226,30.0,80.0,184.0,126.0,244.0,0.0,65.0,83.0,5.0,2017-08-14
227,25.0,70.0,181.0,142.0,216.0,30.0,37.0,75.0,7.0,2017-08-15
228,27.0,80.0,174.0,112.0,230.0,-1.0,0.0,82.0,6.0,2017-08-16
229,54.0,110.0,175.0,151.0,202.0,39.0,57.0,70.0,7.0,2017-08-17
230,59.0,190.0,171.0,127.0,210.0,31.0,63.0,80.0,7.0,2017-08-18
231,66.0,140.0,160.0,126.0,193.0,182.0,58.0,82.0,7.0,2017-08-19
232,56.0,120.0,163.0,127.0,196.0,-1.0,70.0,82.0,6.0,2017-08-20
233,20.0,60.0,164.0,120.0,213.0,6.0,63.0,80.0,8.0,2017-08-21
234,30.0,70.0,182.0,133.0,232.0,0.0,65.0,81.0,6.0,2017-08-22
235,46.0,100.0,197.0,137.0,253.0,-1.0,58.0,81.0,6.0,2017-08-23
236,45.0,100.0,182.0,137.0,211.0,0.0,45.0,81.0,7.0,2017-08-24
237,20.0,50.0,177.0,125.0,224.0,0.0,62.0,81.0,5.0,2017-08-25
238,21.0,80.0,186.0,129.0,240.0,-1.0,56.0,75.0,7.0,2017-08-26
239,15.0,60.0,186.0,119.0,246.0,0.0,1.0,83.0,3.0,2017-08-27
240,14.0,70.0,195.0,137.0,259.0,0.0,15.0,81.0,3.0,2017-08-28
241,28.0,80.0,210.0,150.0,276.0,-1.0,32.0,80.0,6.0,2017-08-29
242,43.0,130.0,168.0,134.0,200.0,458.0,31.0,70.0,8.0,2017-08-30
243,35.0,110.0,148.0,98.0,196.0,19.0,46.0,82.0,5.0,2017-08-31
244,19.0,100.0,147.0,89.0,188.0,-1.0,61.0,83.0,4.0,2017-09-01
245,23.0,90.0,144.0,89.0,193.0,0.0,60.0,83.0,2.0,2017-09-02
246,20.0,80.0,146.0,74.0,204.0,0.0,59.0,80.0,4.0,2017-09-03
247,36.0,80.0,170.0,112.0,216.0,-1.0,50.0,81.0,8.0,2017-09-04
248,48.0,110.0,186.0,165.0,222.0,1.0,34.0,75.0,8.0,2017-09-05
249,67.0,150.0,160.0,133.0,187.0,32.0,56.0,79.0,8.0,2017-09-06
250,53.0,120.0,162.0,139.0,193.0,30.0,58.0,80.0,8.0,2017-09-07
251,63.0,140.0,149.0,126.0,168.0,672.0,31.0,70.0,8.0,2017-09-08
252,45.0,110.0,141.0,102.0,182.0,70.0,60.0,81.0,5.0,2017-09-09
253,70.0,170.0,144.0,99.0,187.0,5.0,59.0,82.0,6.0,2017-09-10
254,90.0,180.0,141.0,120.0,177.0,172.0,36.0,76.0,7.0,2017-09-11
255,74.0,140.0,149.0,128.0,175.0,27.0,57.0,80.0,6.0,2017-09-12
256,111.0,260.0,147.0,121.0,176.0,55.0,58.0,81.0,7.0,2017-09-13
257,67.0,180.0,127.0,99.0,159.0,136.0,56.0,80.0,6.0,2017-09-14
258,46.0,120.0,126.0,92.0,167.0,102.0,65.0,82.0,6.0,2017-09-15
259,39.0,80.0,116.0,87.0,136.0,95.0,57.0,75.0,8.0,2017-09-16
260,24.0,80.0,119.0,60.0,163.0,21.0,20.0,80.0,8.0,2017-09-17
261,30.0,80.0,122.0,84.0,169.0,1.0,56.0,80.0,6.0,2017-09-18
262,23.0,100.0,127.0,95.0,171.0,-1.0,1.0,82.0,8.0,2017-09-19
263,38.0,100.0,143.0,106.0,180.0,5.0,58.0,82.0,8.0,2017-09-20
264,40.0,80.0,144.0,109.0,187.0,0.0,62.0,82.0,8.0,2017-09-21
265,19.0,90.0,123.0,72.0,172.0,2.0,11.0,75.0,5.0,2017-09-22
266,16.0,60.0,122.0,63.0,184.0,0.0,3.0,82.0,1.0,2017-09-23
267,27.0,100.0,135.0,69.0,190.0,0.0,1.0,64.0,1.0,2017-09-24
268,36.0,80.0,146.0,102.0,180.0,0.0,32.0,66.0,6.0,2017-09-25
269,29.0,80.0,139.0,109.0,159.0,0.0,10.0,58.0,5.0,2017-09-26
270,31.0,60.0,143.0,84.0,196.0,0.0,1.0,63.0,4.0,2017-09-27
271,34.0,70.0,159.0,128.0,193.0,37.0,5.0,70.0,8.0,2017-09-28
272,40.0,110.0,168.0,128.0,228.0,169.0,1.0,75.0,8.0,2017-09-29
273,26.0,90.0,135.0,82.0,162.0,5.0,40.0,75.0,7.0,2017-09-30
274,63.0,140.0,140.0,94.0,171.0,1.0,58.0,80.0,7.0,2017-10-01
275,87.0,150.0,157.0,139.0,176.0,4.0,56.0,77.0,8.0,2017-10-02
276,63.0,130.0,139.0,118.0,168.0,29.0,56.0,80.0,6.0,2017-10-03
277,79.0,150.0,136.0,122.0,158.0,17.0,43.0,82.0,8.0,2017-10-04
278,102.0,250.0,133.0,114.0,158.0,150.0,34.0,80.0,5.0,2017-10-05
279,68.0,170.0,118.0,101.0,147.0,56.0,56.0,75.0,7.0,2017-10-06
280,65.0,160.0,127.0,103.0,151.0,114.0,22.0,75.0,7.0,2017-10-07
281,28.0,90.0,127.0,112.0,153.0,-1.0,63.0,75.0,7.0,2017-10-08
282,28.0,90.0,125.0,107.0,145.0,77.0,42.0,70.0,8.0,2017-10-09
283,60.0,120.0,145.0,121.0,164.0,3.0,27.0,75.0,8.0,2017-10-10
284,86.0,160.0,148.0,136.0,160.0,36.0,57.0,75.0,8.0,2017-10-11
285,68.0,140.0,135.0,104.0,159.0,0.0,64.0,81.0,7.0,2017-10-12
286,60.0,140.0,152.0,107.0,188.0,0.0,49.0,75.0,7.0,2017-10-13
287,46.0,100.0,152.0,108.0,195.0,0.0,16.0,75.0,3.0,2017-10-14
288,40.0,90.0,160.0,109.0,215.0,0.0,6.0,77.0,0.0,2017-10-15
289,50.0,110.0,182.0,134.0,234.0,0.0,59.0,80.0,4.0,2017-10-16
290,40.0,100.0,129.0,82.0,156.0,0.0,61.0,77.0,5.0,2017-10-17
291,23.0,70.0,143.0,106.0,178.0,0.0,40.0,64.0,8.0,2017-10-18
292,42.0,110.0,160.0,115.0,203.0,23.0,18.0,75.0,7.0,2017-10-19
293,79.0,160.0,135.0,107.0,167.0,74.0,36.0,75.0,7.0,2017-10-20
294,76.0,170.0,129.0,108.0,173.0,33.0,62.0,80.0,5.0,2017-10-21
295,80.0,160.0,115.0,99.0,136.0,107.0,50.0,75.0,8.0,2017-10-22
296,60.0,120.0,128.0,108.0,152.0,5.0,14.0,80.0,7.0,2017-10-23
297,68.0,140.0,154.0,132.0,169.0,6.0,15.0,70.0,8.0,2017-10-24
298,60.0,140.0,141.0,93.0,173.0,-1.0,4.0,75.0,7.0,2017-10-25
299,40.0,90.0,138.0,113.0,168.0,0.0,20.0,75.0,8.0,2017-10-26
300,54.0,140.0,117.0,95.0,145.0,25.0,68.0,75.0,7.0,2017-10-27
301,95.0,200.0,130.0,106.0,154.0,-1.0,61.0,75.0,8.0,2017-10-28
302,79.0,210.0,104.0,56.0,151.0,11.0,61.0,75.0,6.0,2017-10-29
303,30.0,100.0,83.0,46.0,121.0,1.0,65.0,81.0,6.0,2017-10-30
304,48.0,120.0,110.0,78.0,130.0,1.0,61.0,75.0,8.0,2017-10-31
305,46.0,110.0,116.0,89.0,139.0,-1.0,40.0,75.0,8.0,2017-11-01
306,31.0,90.0,97.0,48.0,149.0,-1.0,57.0,75.0,5.0,2017-11-02
307,25.0,60.0,95.0,47.0,136.0,0.0,28.0,83.0,7.0,2017-11-03
308,48.0,110.0,108.0,86.0,133.0,28.0,50.0,70.0,8.0,2017-11-04
309,34.0,120.0,76.0,51.0,107.0,35.0,62.0,75.0,6.0,2017-11-05
310,21.0,90.0,60.0,11.0,105.0,2.0,63.0,82.0,3.0,2017-11-06
311,19.0,50.0,42.0,-2.0,94.0,0.0,0.0,78.0,2.0,2017-11-07
312,20.0,60.0,62.0,18.0,79.0,1.0,1.0,58.0,8.0,2017-11-08
313,42.0,110.0,88.0,62.0,120.0,37.0,18.0,81.0,8.0,2017-11-09
314,76.0,170.0,93.0,63.0,121.0,16.0,50.0,75.0,6.0,2017-11-10
315,48.0,120.0,77.0,39.0,109.0,5.0,70.0,80.0,8.0,2017-11-11
316,38.0,130.0,60.0,44.0,77.0,51.0,58.0,80.0,7.0,2017-11-12
317,41.0,150.0,69.0,33.0,107.0,8.0,65.0,75.0,6.0,2017-11-13
318,45.0,100.0,81.0,42.0,106.0,25.0,18.0,70.0,8.0,2017-11-14
319,38.0,70.0,100.0,91.0,110.0,14.0,3.0,50.0,8.0,2017-11-15
320,39.0,100.0,95.0,46.0,115.0,11.0,8.0,67.0,7.0,2017-11-16
321,26.0,90.0,61.0,18.0,111.0,0.0,63.0,82.0,5.0,2017-11-17
322,67.0,160.0,76.0,51.0,98.0,65.0,38.0,83.0,8.0,2017-11-18
323,62.0,180.0,72.0,35.0,100.0,16.0,40.0,75.0,5.0,2017-11-19
324,63.0,140.0,85.0,53.0,120.0,99.0,24.0,75.0,8.0,2017-11-20
325,68.0,140.0,119.0,109.0,127.0,22.0,24.0,65.0,8.0,2017-11-21
326,83.0,140.0,109.0,93.0,129.0,21.0,36.0,80.0,5.0,2017-11-22
327,86.0,220.0,106.0,71.0,146.0,12.0,57.0,83.0,6.0,2017-11-23
328,29.0,70.0,67.0,37.0,96.0,34.0,61.0,75.0,8.0,2017-11-24
329,38.0,120.0,44.0,1.0,81.0,8.0,60.0,80.0,6.0,2017-11-25
330,64.0,160.0,62.0,38.0,81.0,32.0,61.0,75.0,7.0,2017-11-26
331,79.0,160.0,76.0,55.0,103.0,147.0,56.0,75.0,8.0,2017-11-27
332,61.0,140.0,57.0,26.0,85.0,73.0,31.0,75.0,6.0,2017-11-28
333,23.0,70.0,31.0,6.0,52.0,7.0,45.0,65.0,7.0,2017-11-29
334,20.0,90.0,19.0,-22.0,46.0,44.0,50.0,70.0,7.0,2017-11-30
335,18.0,80.0,4.0,-43.0,46.0,0.0,0.0,58.0,4.0,2017-12-01
336,30.0,70.0,-2.0,-41.0,16.0,-1.0,1.0,38.0,8.0,2017-12-02
337,37.0,80.0,53.0,15.0,89.0,29.0,15.0,70.0,8.0,2017-12-03
338,41.0,90.0,73.0,48.0,91.0,16.0,59.0,66.0,8.0,2017-12-04
339,58.0,120.0,84.0,71.0,93.0,0.0,61.0,80.0,8.0,2017-12-05
340,76.0,130.0,86.0,69.0,102.0,0.0,65.0,80.0,8.0,2017-12-06
341,95.0,180.0,62.0,47.0,78.0,65.0,29.0,80.0,7.0,2017-12-07
342,87.0,200.0,34.0,9.0,63.0,115.0,27.0,80.0,6.0,2017-12-08
343,67.0,170.0,34.0,8.0,58.0,93.0,34.0,80.0,8.0,2017-12-09
344,64.0,140.0,8.0,0.0,17.0,127.0,5.0,70.0,8.0,2017-12-10
345,55.0,150.0,2.0,-36.0,18.0,63.0,4.0,75.0,8.0,2017-12-11
346,48.0,120.0,19.0,4.0,50.0,10.0,56.0,75.0,6.0,2017-12-12
347,76.0,170.0,37.0,8.0,65.0,94.0,32.0,75.0,8.0,2017-12-13
348,58.0,140.0,35.0,4.0,65.0,78.0,23.0,75.0,7.0,2017-12-14
349,32.0,90.0,23.0,-20.0,45.0,5.0,1.0,59.0,7.0,2017-12-15
350,33.0,130.0,24.0,-13.0,64.0,45.0,23.0,70.0,4.0,2017-12-16
351,38.0,120.0,27.0,-24.0,66.0,43.0,23.0,75.0,5.0,2017-12-17
352,46.0,140.0,59.0,2.0,82.0,28.0,1.0,62.0,7.0,2017-12-18
353,35.0,80.0,56.0,6.0,81.0,0.0,2.0,67.0,8.0,2017-12-19
354,29.0,70.0,77.0,50.0,91.0,-1.0,8.0,59.0,8.0,2017-12-20
355,30.0,80.0,84.0,74.0,91.0,10.0,1.0,46.0,8.0,2017-12-21
356,19.0,80.0,84.0,51.0,99.0,34.0,2.0,62.0,8.0,2017-12-22
357,75.0,140.0,86.0,80.0,92.0,1.0,35.0,68.0,8.0,2017-12-23
358,87.0,170.0,85.0,77.0,96.0,3.0,28.0,70.0,8.0,2017-12-24
359,86.0,160.0,76.0,46.0,99.0,-1.0,50.0,75.0,7.0,2017-12-25
360,86.0,190.0,58.0,45.0,74.0,19.0,50.0,75.0,7.0,2017-12-26
361,64.0,140.0,53.0,36.0,70.0,65.0,56.0,75.0,8.0,2017-12-27
362,71.0,150.0,43.0,19.0,56.0,10.0,67.0,75.0,6.0,2017-12-28
363,76.0,170.0,32.0,-4.0,73.0,44.0,33.0,75.0,6.0,2017-12-29
364,92.0,200.0,87.0,39.0,118.0,42.0,35.0,66.0,8.0,2017-12-30
365,91.0,230.0,104.0,80.0,131.0,176.0,46.0,70.0,8.0,2017-12-31
366,73.0,200.0,68.0,56.0,83.0,10.0,59.0,75.0,7.0,2018-01-01
367,65.0,140.0,66.0,37.0,94.0,44.0,40.0,75.0,7.0,2018-01-02
368,137.0,260.0,86.0,58.0,114.0,86.0,37.0,67.0,8.0,2018-01-03
369,89.0,220.0,81.0,69.0,109.0,5.0,47.0,75.0,7.0,2018-01-04
370,57.0,150.0,61.0,33.0,79.0,35.0,60.0,80.0,7.0,2018-01-05
371,36.0,110.0,46.0,15.0,70.0,0.0,50.0,75.0,8.0,2018-01-06
372,85.0,150.0,15.0,-8.0,39.0,0.0,70.0,75.0,2.0,2018-01-07
373,67.0,130.0,9.0,-13.0,35.0,0.0,70.0,75.0,4.0,2018-01-08
374,44.0,100.0,28.0,-4.0,56.0,0.0,56.0,70.0,8.0,2018-01-09
375,36.0,70.0,67.0,53.0,74.0,6.0,56.0,63.0,8.0,2018-01-10
376,20.0,90.0,61.0,38.0,73.0,0.0,17.0,50.0,8.0,2018-01-11
377,20.0,100.0,50.0,38.0,63.0,0.0,21.0,70.0,8.0,2018-01-12
378,38.0,100.0,44.0,27.0,62.0,0.0,7.0,67.0,7.0,2018-01-13
379,48.0,90.0,28.0,10.0,51.0,0.0,57.0,64.0,5.0,2018-01-14
380,86.0,190.0,52.0,24.0,83.0,140.0,28.0,75.0,8.0,2018-01-15
381,91.0,200.0,55.0,29.0,71.0,26.0,57.0,80.0,7.0,2018-01-16
382,104.0,210.0,48.0,18.0,64.0,3.0,62.0,75.0,7.0,2018-01-17
383,98.0,340.0,48.0,19.0,100.0,116.0,48.0,75.0,7.0,2018-01-18
384,53.0,130.0,38.0,12.0,65.0,66.0,50.0,75.0,6.0,2018-01-19
385,33.0,90.0,21.0,-10.0,37.0,21.0,50.0,75.0,6.0,2018-01-20
386,42.0,120.0,34.0,3.0,70.0,22.0,31.0,75.0,7.0,2018-01-21
387,55.0,110.0,61.0,23.0,82.0,9.0,27.0,69.0,8.0,2018-01-22
388,72.0,140.0,79.0,32.0,112.0,13.0,25.0,70.0,8.0,2018-01-23
389,96.0,210.0,107.0,70.0,138.0,52.0,47.0,75.0,8.0,2018-01-24
390,53.0,120.0,71.0,42.0,95.0,-1.0,60.0,75.0,8.0,2018-01-25
391,26.0,60.0,50.0,24.0,85.0,8.0,1.0,70.0,7.0,2018-01-26
392,68.0,160.0,52.0,7.0,83.0,6.0,33.0,70.0,7.0,2018-01-27
393,89.0,170.0,99.0,79.0,112.0,0.0,60.0,70.0,8.0,2018-01-28
394,98.0,220.0,86.0,33.0,111.0,29.0,41.0,75.0,6.0,2018-01-29
395,41.0,90.0,44.0,17.0,80.0,0.0,60.0,75.0,7.0,2018-01-30
396,85.0,210.0,66.0,27.0,97.0,32.0,18.0,75.0,7.0,2018-01-31
397,65.0,140.0,43.0,23.0,64.0,41.0,56.0,75.0,7.0,2018-02-01
398,49.0,170.0,42.0,-15.0,75.0,28.0,50.0,75.0,6.0,2018-02-02
399,38.0,110.0,23.0,-14.0,46.0,10.0,56.0,75.0,8.0,2018-02-03
400,58.0,150.0,22.0,4.0,44.0,-1.0,62.0,82.0,7.0,2018-02-04
401,56.0,110.0,13.0,-22.0,36.0,0.0,61.0,72.0,4.0,2018-02-05
402,45.0,100.0,-15.0,-47.0,15.0,0.0,59.0,83.0,2.0,2018-02-06
403,18.0,40.0,-10.0,-60.0,27.0,0.0,63.0,82.0,3.0,2018-02-07
404,40.0,90.0,11.0,-28.0,57.0,0.0,58.0,76.0,7.0,2018-02-08
405,59.0,130.0,5.0,-9.0,22.0,4.0,15.0,68.0,8.0,2018-02-09
406,50.0,140.0,31.0,6.0,65.0,6.0,4.0,80.0,8.0,2018-02-10
407,95.0,180.0,47.0,22.0,73.0,39.0,37.0,80.0,7.0,2018-02-11
408,60.0,120.0,27.0,-1.0,57.0,6.0,60.0,76.0,4.0,2018-02-12
409,63.0,140.0,19.0,-9.0,62.0,0.0,65.0,83.0,3.0,2018-02-13
410,74.0,160.0,22.0,-20.0,61.0,-1.0,65.0,83.0,5.0,2018-02-14
411,67.0,140.0,44.0,4.0,98.0,36.0,8.0,74.0,5.0,2018-02-15
412,43.0,100.0,37.0,-25.0,79.0,0.0,62.0,76.0,4.0,2018-02-16
413,22.0,50.0,21.0,-21.0,77.0,0.0,59.0,67.0,4.0,2018-02-17
414,31.0,70.0,17.0,-29.0,74.0,0.0,56.0,62.0,4.0,2018-02-18
415,33.0,60.0,18.0,-4.0,32.0,-1.0,56.0,59.0,7.0,2018-02-19
416,23.0,60.0,11.0,-37.0,46.0,0.0,24.0,60.0,6.0,2018-02-20
417,33.0,80.0,7.0,-33.0,49.0,0.0,19.0,62.0,0.0,2018-02-21
418,53.0,110.0,9.0,-21.0,45.0,0.0,60.0,77.0,0.0,2018-02-22
419,59.0,130.0,0.0,-28.0,33.0,0.0,30.0,83.0,3.0,2018-02-23
420,78.0,150.0,-2.0,-30.0,37.0,0.0,71.0,83.0,2.0,2018-02-24
421,72.0,130.0,-19.0,-47.0,14.0,0.0,75.0,83.0,1.0,2018-02-25
422,64.0,120.0,-25.0,-51.0,6.0,0.0,75.0,83.0,4.0,2018-02-26
423,44.0,90.0,-29.0,-58.0,6.0,0.0,70.0,83.0,5.0,2018-02-27
424,80.0,160.0,-66.0,-87.0,-45.0,-1.0,3.0,78.0,5.0,2018-02-28
425,112.0,190.0,-49.0,-85.0,-9.0,0.0,68.0,80.0,8.0,2018-03-01
426,95.0,180.0,-35.0,-71.0,2.0,-1.0,56.0,79.0,7.0,2018-03-02
427,55.0,100.0,-18.0,-48.0,12.0,-1.0,50.0,60.0,8.0,2018-03-03
428,46.0,120.0,47.0,-21.0,107.0,20.0,36.0,66.0,7.0,2018-03-04
429,50.0,130.0,64.0,28.0,117.0,0.0,41.0,81.0,7.0,2018-03-05
430,29.0,70.0,56.0,6.0,100.0,-1.0,65.0,83.0,8.0,2018-03-06
431,39.0,80.0,64.0,34.0,111.0,49.0,32.0,70.0,8.0,2018-03-07
432,78.0,210.0,47.0,13.0,92.0,41.0,50.0,80.0,6.0,2018-03-08
433,43.0,100.0,65.0,11.0,102.0,15.0,27.0,80.0,7.0,2018-03-09
434,45.0,100.0,112.0,68.0,148.0,34.0,2.0,75.0,8.0,2018-03-10
435,34.0,100.0,95.0,53.0,117.0,56.0,12.0,75.0,7.0,2018-03-11
436,40.0,100.0,98.0,54.0,139.0,7.0,44.0,80.0,8.0,2018-03-12
437,48.0,110.0,55.0,41.0,87.0,25.0,34.0,70.0,8.0,2018-03-13
438,45.0,110.0,56.0,-2.0,113.0,0.0,1.0,81.0,6.0,2018-03-14
439,65.0,140.0,70.0,31.0,107.0,13.0,50.0,77.0,8.0,2018-03-15
440,70.0,160.0,38.0,3.0,63.0,1.0,41.0,75.0,8.0,2018-03-16
441,113.0,190.0,-11.0,-24.0,6.0,-1.0,19.0,83.0,8.0,2018-03-17
442,95.0,180.0,-6.0,-29.0,26.0,0.0,77.0,83.0,8.0,2018-03-18
443,76.0,150.0,-2.0,-33.0,39.0,0.0,75.0,83.0,3.0,2018-03-19
444,53.0,140.0,38.0,-6.0,81.0,2.0,58.0,83.0,5.0,2018-03-20
445,38.0,100.0,32.0,-36.0,85.0,-1.0,1.0,80.0,6.0,2018-03-21
446,58.0,120.0,64.0,45.0,100.0,22.0,15.0,63.0,7.0,2018-03-22
447,57.0,130.0,62.0,39.0,73.0,0.0,48.0,80.0,8.0,2018-03-23
448,27.0,60.0,64.0,23.0,103.0,0.0,37.0,74.0,5.0,2018-03-24
449,26.0,80.0,54.0,3.0,114.0,0.0,0.0,70.0,6.0,2018-03-25
450,25.0,90.0,47.0,-7.0,115.0,0.0,0.0,80.0,6.0,2018-03-26
451,40.0,100.0,58.0,13.0,99.0,3.0,4.0,75.0,8.0,2018-03-27
452,38.0,110.0,57.0,29.0,77.0,94.0,14.0,70.0,8.0,2018-03-28
453,43.0,100.0,67.0,16.0,105.0,5.0,34.0,83.0,7.0,2018-03-29
454,47.0,130.0,90.0,55.0,135.0,30.0,57.0,83.0,8.0,2018-03-30
455,25.0,60.0,69.0,26.0,114.0,12.0,29.0,83.0,7.0,2018-03-31
456,28.0,80.0,51.0,13.0,74.0,11.0,16.0,75.0,8.0,2018-04-01
457,48.0,120.0,76.0,12.0,117.0,25.0,40.0,80.0,8.0,2018-04-02
458,61.0,120.0,119.0,82.0,170.0,122.0,50.0,83.0,8.0,2018-04-03
459,50.0,140.0,101.0,74.0,145.0,11.0,58.0,75.0,8.0,2018-04-04
460,74.0,180.0,60.0,14.0,97.0,16.0,57.0,74.0,7.0,2018-04-05
461,64.0,140.0,92.0,17.0,149.0,0.0,64.0,83.0,6.0,2018-04-06
462,45.0,120.0,142.0,80.0,209.0,0.0,68.0,83.0,8.0,2018-04-07
463,23.0,100.0,142.0,81.0,215.0,-1.0,58.0,75.0,7.0,2018-04-08
464,43.0,100.0,110.0,83.0,145.0,1.0,27.0,62.0,8.0,2018-04-09
465,40.0,100.0,147.0,101.0,199.0,2.0,28.0,81.0,8.0,2018-04-10
466,41.0,120.0,130.0,88.0,179.0,14.0,43.0,66.0,6.0,2018-04-11
467,45.0,130.0,101.0,66.0,129.0,5.0,19.0,58.0,6.0,2018-04-12
468,32.0,90.0,98.0,60.0,142.0,0.0,7.0,62.0,7.0,2018-04-13
469,26.0,80.0,111.0,71.0,150.0,1.0,20.0,67.0,8.0,2018-04-14
470,23.0,90.0,128.0,93.0,175.0,33.0,14.0,73.0,8.0,2018-04-15
471,48.0,120.0,110.0,55.0,151.0,-1.0,58.0,79.0,3.0,2018-04-16
472,47.0,120.0,133.0,50.0,198.0,0.0,68.0,80.0,6.0,2018-04-17
473,28.0,100.0,168.0,74.0,234.0,0.0,65.0,81.0,5.0,2018-04-18
474,41.0,90.0,200.0,135.0,273.0,0.0,59.0,82.0,5.0,2018-04-19
475,31.0,80.0,168.0,97.0,248.0,0.0,26.0,72.0,1.0,2018-04-20
476,37.0,80.0,151.0,78.0,203.0,0.0,43.0,82.0,3.0,2018-04-21
477,48.0,130.0,172.0,107.0,258.0,0.0,59.0,79.0,5.0,2018-04-22
478,65.0,120.0,122.0,98.0,150.0,0.0,59.0,83.0,6.0,2018-04-23
479,75.0,150.0,125.0,102.0,151.0,4.0,56.0,75.0,8.0,2018-04-24
480,85.0,190.0,110.0,88.0,141.0,6.0,57.0,81.0,6.0,2018-04-25
481,80.0,140.0,101.0,69.0,133.0,-1.0,63.0,80.0,5.0,2018-04-26
482,36.0,90.0,105.0,50.0,147.0,1.0,63.0,83.0,8.0,2018-04-27
483,44.0,110.0,110.0,59.0,143.0,3.0,32.0,75.0,7.0,2018-04-28
484,49.0,180.0,100.0,76.0,118.0,151.0,32.0,62.0,8.0,2018-04-29
485,51.0,170.0,91.0,67.0,114.0,213.0,30.0,75.0,8.0,2018-04-30
486,83.0,240.0,82.0,53.0,121.0,64.0,56.0,83.0,7.0,2018-05-01
487,63.0,150.0,108.0,44.0,170.0,5.0,59.0,83.0,4.0,2018-05-02
488,31.0,80.0,100.0,55.0,143.0,0.0,65.0,83.0,0.0,2018-05-03
489,24.0,80.0,122.0,40.0,173.0,0.0,65.0,83.0,0.0,2018-05-04
490,39.0,90.0,148.0,71.0,205.0,0.0,72.0,82.0,0.0,2018-05-05
491,33.0,70.0,180.0,95.0,250.0,0.0,72.0,83.0,0.0,2018-05-06
492,30.0,70.0,190.0,131.0,251.0,0.0,75.0,83.0,0.0,2018-05-07
493,28.0,80.0,198.0,124.0,266.0,0.0,64.0,82.0,0.0,2018-05-08
494,31.0,80.0,164.0,106.0,231.0,0.0,50.0,72.0,3.0,2018-05-09
495,46.0,140.0,116.0,67.0,160.0,15.0,56.0,81.0,5.0,2018-05-10
496,27.0,70.0,131.0,58.0,185.0,0.0,61.0,81.0,5.0,2018-05-11
497,34.0,90.0,177.0,100.0,228.0,0.0,67.0,82.0,8.0,2018-05-12
498,45.0,90.0,127.0,108.0,179.0,14.0,27.0,66.0,8.0,2018-05-13
499,45.0,100.0,182.0,106.0,253.0,0.0,1.0,81.0,3.0,2018-05-14
500,43.0,90.0,191.0,137.0,238.0,0.0,56.0,83.0,0.0,2018-05-15
501,59.0,160.0,144.0,89.0,195.0,-1.0,59.0,66.0,7.0,2018-05-16
502,59.0,120.0,104.0,57.0,142.0,0.0,61.0,69.0,5.0,2018-05-17
503,46.0,100.0,104.0,56.0,138.0,0.0,63.0,80.0,8.0,2018-05-18
504,25.0,70.0,110.0,79.0,136.0,0.0,4.0,70.0,7.0,2018-05-19
505,26.0,80.0,158.0,67.0,222.0,0.0,0.0,75.0,2.0,2018-05-20
506,41.0,110.0,192.0,108.0,249.0,-1.0,75.0,83.0,6.0,2018-05-21
507,30.0,110.0,178.0,137.0,221.0,3.0,69.0,82.0,8.0,2018-05-22
508,43.0,110.0,189.0,143.0,251.0,12.0,57.0,83.0,7.0,2018-05-23
509,48.0,100.0,193.0,154.0,229.0,-1.0,65.0,83.0,7.0,2018-05-24
510,31.0,80.0,200.0,164.0,245.0,99.0,56.0,73.0,6.0,2018-05-25
511,45.0,110.0,223.0,159.0,273.0,0.0,58.0,83.0,6.0,2018-05-26
512,44.0,100.0,211.0,177.0,252.0,-1.0,70.0,83.0,5.0,2018-05-27
513,33.0,80.0,232.0,161.0,290.0,0.0,65.0,81.0,6.0,2018-05-28
514,46.0,100.0,222.0,163.0,301.0,75.0,34.0,80.0,6.0,2018-05-29
515,28.0,70.0,202.0,168.0,264.0,-1.0,10.0,80.0,6.0,2018-05-30
516,27.0,120.0,198.0,159.0,236.0,44.0,6.0,80.0,5.0,2018-05-31
517,38.0,80.0,162.0,135.0,219.0,31.0,0.0,62.0,8.0,2018-06-01
518,40.0,90.0,162.0,145.0,189.0,-1.0,15.0,60.0,8.0,2018-06-02
519,30.0,80.0,184.0,143.0,230.0,0.0,23.0,74.0,4.0,2018-06-03
520,35.0,90.0,177.0,145.0,228.0,0.0,46.0,75.0,7.0,2018-06-04
521,38.0,90.0,160.0,123.0,202.0,0.0,61.0,73.0,4.0,2018-06-05
522,33.0,80.0,196.0,115.0,260.0,0.0,58.0,69.0,2.0,2018-06-06
523,29.0,90.0,210.0,136.0,278.0,0.0,31.0,80.0,4.0,2018-06-07
524,30.0,90.0,178.0,152.0,208.0,1.0,18.0,66.0,8.0,2018-06-08
525,39.0,110.0,192.0,161.0,236.0,0.0,59.0,77.0,6.0,2018-06-09
526,39.0,100.0,180.0,132.0,226.0,0.0,57.0,80.0,6.0,2018-06-10
527,48.0,100.0,171.0,122.0,217.0,0.0,70.0,81.0,6.0,2018-06-11
528,47.0,100.0,150.0,133.0,170.0,-1.0,75.0,80.0,7.0,2018-06-12
529,43.0,110.0,150.0,119.0,188.0,-1.0,63.0,83.0,7.0,2018-06-13
530,61.0,150.0,159.0,120.0,202.0,14.0,41.0,81.0,8.0,2018-06-14
531,22.0,70.0,180.0,113.0,230.0,0.0,12.0,80.0,7.0,2018-06-15
532,50.0,120.0,169.0,134.0,207.0,-1.0,57.0,83.0,6.0,2018-06-16
533,66.0,120.0,163.0,141.0,189.0,0.0,62.0,81.0,8.0,2018-06-17
534,68.0,140.0,166.0,139.0,192.0,17.0,20.0,75.0,7.0,2018-06-18
535,46.0,100.0,185.0,161.0,222.0,0.0,64.0,80.0,7.0,2018-06-19
536,55.0,130.0,183.0,144.0,237.0,0.0,56.0,81.0,4.0,2018-06-20
537,87.0,170.0,141.0,119.0,165.0,-1.0,60.0,81.0,7.0,2018-06-21
538,76.0,170.0,127.0,81.0,161.0,-1.0,63.0,76.0,7.0,2018-06-22
539,39.0,80.0,147.0,87.0,189.0,0.0,64.0,82.0,8.0,2018-06-23
540,42.0,110.0,146.0,98.0,181.0,0.0,62.0,81.0,8.0,2018-06-24
541,40.0,90.0,159.0,102.0,207.0,0.0,65.0,82.0,4.0,2018-06-25
542,38.0,90.0,160.0,91.0,217.0,0.0,62.0,81.0,5.0,2018-06-26
543,44.0,90.0,176.0,127.0,231.0,0.0,65.0,75.0,5.0,2018-06-27
544,45.0,110.0,211.0,155.0,268.0,0.0,58.0,82.0,0.0,2018-06-28
545,43.0,100.0,191.0,142.0,263.0,0.0,60.0,82.0,0.0,2018-06-29
546,54.0,110.0,214.0,144.0,270.0,0.0,60.0,83.0,0.0,2018-06-30
547,68.0,150.0,217.0,166.0,268.0,0.0,80.0,83.0,0.0,2018-07-01
548,60.0,120.0,205.0,143.0,254.0,0.0,80.0,83.0,1.0,2018-07-02
549,49.0,90.0,193.0,147.0,245.0,0.0,70.0,83.0,2.0,2018-07-03
550,31.0,70.0,191.0,141.0,256.0,0.0,70.0,83.0,4.0,2018-07-04
551,32.0,100.0,177.0,125.0,223.0,0.0,59.0,82.0,3.0,2018-07-05
552,29.0,60.0,195.0,143.0,246.0,0.0,60.0,83.0,7.0,2018-07-06
553,25.0,90.0,190.0,122.0,249.0,0.0,70.0,83.0,6.0,2018-07-07
554,33.0,110.0,189.0,129.0,243.0,0.0,61.0,83.0,1.0,2018-07-08
555,41.0,110.0,172.0,130.0,221.0,-1.0,29.0,81.0,7.0,2018-07-09
556,55.0,130.0,164.0,128.0,217.0,5.0,29.0,80.0,5.0,2018-07-10
557,41.0,110.0,174.0,102.0,229.0,0.0,34.0,81.0,3.0,2018-07-11
558,46.0,100.0,180.0,126.0,231.0,0.0,56.0,80.0,2.0,2018-07-12
559,31.0,70.0,178.0,122.0,237.0,0.0,61.0,82.0,3.0,2018-07-13
560,26.0,80.0,186.0,113.0,243.0,0.0,63.0,83.0,1.0,2018-07-14
561,26.0,90.0,209.0,127.0,277.0,0.0,70.0,83.0,1.0,2018-07-15
562,31.0,80.0,230.0,152.0,289.0,0.0,75.0,83.0,4.0,2018-07-16
563,47.0,130.0,196.0,150.0,240.0,0.0,68.0,81.0,3.0,2018-07-17
564,32.0,80.0,192.0,130.0,245.0,0.0,62.0,83.0,6.0,2018-07-18
565,36.0,110.0,199.0,143.0,256.0,0.0,33.0,83.0,4.0,2018-07-19
566,33.0,110.0,201.0,128.0,254.0,0.0,65.0,83.0,7.0,2018-07-20
567,43.0,120.0,204.0,146.0,258.0,-1.0,50.0,82.0,2.0,2018-07-21
568,33.0,110.0,200.0,142.0,264.0,0.0,6.0,83.0,4.0,2018-07-22
569,19.0,70.0,226.0,149.0,289.0,0.0,58.0,83.0,1.0,2018-07-23
570,28.0,90.0,243.0,168.0,304.0,0.0,63.0,83.0,4.0,2018-07-24
571,27.0,80.0,246.0,187.0,306.0,0.0,60.0,83.0,4.0,2018-07-25
572,30.0,90.0,275.0,208.0,348.0,-1.0,65.0,83.0,3.0,2018-07-26
573,50.0,150.0,295.0,214.0,357.0,0.0,66.0,83.0,7.0,2018-07-27
574,64.0,180.0,205.0,147.0,256.0,17.0,62.0,80.0,5.0,2018-07-28
575,53.0,140.0,212.0,146.0,269.0,-1.0,74.0,83.0,8.0,2018-07-29
576,42.0,130.0,233.0,182.0,294.0,0.0,70.0,83.0,8.0,2018-07-30
577,36.0,160.0,201.0,140.0,256.0,20.0,65.0,82.0,5.0,2018-07-31
578,22.0,80.0,201.0,116.0,260.0,0.0,59.0,83.0,5.0,2018-08-01
579,23.0,80.0,222.0,152.0,280.0,0.0,65.0,82.0,3.0,2018-08-02
580,25.0,90.0,241.0,151.0,305.0,0.0,62.0,83.0,1.0,2018-08-03
581,38.0,110.0,220.0,176.0,279.0,0.0,70.0,81.0,6.0,2018-08-04
582,33.0,80.0,206.0,159.0,260.0,0.0,70.0,83.0,3.0,2018-08-05
583,25.0,80.0,232.0,155.0,304.0,0.0,70.0,82.0,3.0,2018-08-06
584,26.0,150.0,262.0,165.0,337.0,20.0,60.0,83.0,4.0,2018-08-07
585,56.0,150.0,197.0,137.0,235.0,35.0,65.0,82.0,5.0,2018-08-08
586,43.0,230.0,176.0,126.0,228.0,75.0,50.0,82.0,7.0,2018-08-09
587,70.0,180.0,160.0,124.0,220.0,164.0,57.0,83.0,6.0,2018-08-10
588,49.0,120.0,159.0,119.0,204.0,4.0,65.0,83.0,6.0,2018-08-11
589,43.0,120.0,205.0,131.0,268.0,-1.0,73.0,83.0,8.0,2018-08-12
590,40.0,100.0,191.0,177.0,227.0,13.0,60.0,75.0,8.0,2018-08-13
591,55.0,120.0,190.0,164.0,228.0,7.0,61.0,82.0,6.0,2018-08-14
592,49.0,110.0,197.0,171.0,238.0,-1.0,58.0,77.0,7.0,2018-08-15
593,50.0,120.0,182.0,159.0,219.0,4.0,65.0,80.0,7.0,2018-08-16
594,29.0,90.0,178.0,140.0,226.0,-1.0,64.0,83.0,5.0,2018-08-17
595,53.0,110.0,181.0,138.0,219.0,0.0,63.0,83.0,6.0,2018-08-18
596,62.0,130.0,194.0,176.0,237.0,-1.0,35.0,80.0,8.0,2018-08-19
597,33.0,90.0,196.0,150.0,234.0,0.0,60.0,83.0,7.0,2018-08-20
598,17.0,60.0,202.0,156.0,252.0,0.0,61.0,75.0,5.0,2018-08-21
599,34.0,100.0,198.0,158.0,247.0,0.0,48.0,76.0,4.0,2018-08-22
600,50.0,140.0,184.0,131.0,225.0,9.0,46.0,80.0,8.0,2018-08-23
601,65.0,140.0,153.0,110.0,189.0,190.0,58.0,83.0,6.0,2018-08-24
602,41.0,140.0,129.0,89.0,180.0,192.0,60.0,83.0,6.0,2018-08-25
603,62.0,180.0,142.0,67.0,199.0,11.0,60.0,83.0,7.0,2018-08-26
604,64.0,140.0,176.0,141.0,201.0,38.0,56.0,80.0,8.0,2018-08-27
605,20.0,70.0,172.0,113.0,218.0,-1.0,58.0,81.0,6.0,2018-08-28
606,24.0,100.0,155.0,106.0,197.0,56.0,31.0,75.0,7.0,2018-08-29
607,39.0,100.0,152.0,104.0,195.0,0.0,65.0,83.0,5.0,2018-08-30
608,15.0,60.0,142.0,93.0,188.0,0.0,65.0,82.0,6.0,2018-08-31
609,18.0,70.0,145.0,86.0,209.0,0.0,65.0,83.0,2.0,2018-09-01
610,33.0,80.0,165.0,95.0,226.0,0.0,63.0,83.0,1.0,2018-09-02
611,35.0,80.0,187.0,135.0,229.0,0.0,50.0,75.0,7.0,2018-09-03
612,26.0,70.0,205.0,178.0,250.0,0.0,25.0,59.0,8.0,2018-09-04
613,29.0,130.0,180.0,168.0,204.0,493.0,22.0,65.0,8.0,2018-09-05
614,29.0,130.0,164.0,135.0,185.0,108.0,21.0,70.0,8.0,2018-09-06
615,64.0,140.0,150.0,128.0,172.0,109.0,50.0,83.0,6.0,2018-09-07
616,52.0,120.0,149.0,101.0,183.0,-1.0,65.0,82.0,8.0,2018-09-08
617,48.0,110.0,181.0,129.0,226.0,-1.0,64.0,83.0,8.0,2018-09-09
618,52.0,120.0,173.0,147.0,190.0,0.0,60.0,80.0,8.0,2018-09-10
619,73.0,160.0,184.0,145.0,220.0,-1.0,27.0,75.0,8.0,2018-09-11
620,30.0,120.0,147.0,108.0,183.0,13.0,42.0,75.0,8.0,2018-09-12
621,17.0,80.0,131.0,75.0,186.0,0.0,19.0,82.0,1.0,2018-09-13
622,49.0,130.0,144.0,76.0,198.0,-1.0,65.0,83.0,6.0,2018-09-14
623,45.0,100.0,156.0,110.0,193.0,-1.0,70.0,82.0,8.0,2018-09-15
624,41.0,110.0,156.0,105.0,216.0,0.0,64.0,82.0,6.0,2018-09-16
625,38.0,80.0,170.0,111.0,234.0,0.0,63.0,83.0,8.0,2018-09-17
626,71.0,170.0,186.0,148.0,236.0,0.0,62.0,80.0,2.0,2018-09-18
627,70.0,160.0,187.0,138.0,231.0,0.0,63.0,80.0,7.0,2018-09-19
628,62.0,130.0,190.0,162.0,225.0,0.0,66.0,80.0,8.0,2018-09-20
629,111.0,250.0,155.0,103.0,198.0,59.0,61.0,82.0,6.0,2018-09-21
630,55.0,130.0,129.0,108.0,165.0,77.0,58.0,81.0,8.0,2018-09-22
631,27.0,110.0,102.0,74.0,116.0,142.0,36.0,75.0,7.0,2018-09-23
632,44.0,150.0,107.0,65.0,157.0,20.0,65.0,81.0,4.0,2018-09-24
633,15.0,60.0,107.0,56.0,167.0,-1.0,56.0,83.0,5.0,2018-09-25
634,48.0,120.0,131.0,65.0,188.0,0.0,61.0,81.0,4.0,2018-09-26
635,33.0,90.0,146.0,101.0,210.0,0.0,57.0,83.0,2.0,2018-09-27
636,43.0,100.0,125.0,61.0,162.0,0.0,66.0,82.0,6.0,2018-09-28
637,15.0,50.0,97.0,43.0,160.0,0.0,65.0,82.0,6.0,2018-09-29
638,35.0,100.0,111.0,41.0,169.0,3.0,65.0,81.0,6.0,2018-09-30
639,47.0,160.0,98.0,77.0,131.0,34.0,63.0,80.0,7.0,2018-10-01
640,62.0,150.0,122.0,86.0,169.0,38.0,28.0,80.0,7.0,2018-10-02
641,47.0,100.0,132.0,98.0,160.0,-1.0,63.0,77.0,6.0,2018-10-03
642,44.0,100.0,144.0,101.0,182.0,-1.0,50.0,73.0,5.0,2018-10-04
643,24.0,70.0,134.0,86.0,202.0,0.0,50.0,76.0,5.0,2018-10-05
644,35.0,150.0,136.0,80.0,198.0,8.0,13.0,77.0,6.0,2018-10-06
645,28.0,110.0,106.0,63.0,149.0,-1.0,65.0,82.0,6.0,2018-10-07
646,41.0,100.0,112.0,57.0,167.0,0.0,65.0,82.0,8.0,2018-10-08
647,33.0,80.0,127.0,83.0,182.0,0.0,57.0,82.0,6.0,2018-10-09
648,37.0,80.0,155.0,74.0,228.0,0.0,30.0,81.0,1.0,2018-10-10
649,50.0,100.0,175.0,132.0,222.0,2.0,60.0,82.0,4.0,2018-10-11
650,61.0,120.0,180.0,135.0,217.0,-1.0,65.0,82.0,7.0,2018-10-12
651,53.0,100.0,198.0,162.0,256.0,0.0,70.0,83.0,7.0,2018-10-13
652,45.0,130.0,181.0,149.0,238.0,0.0,70.0,83.0,6.0,2018-10-14
653,32.0,80.0,170.0,129.0,224.0,-1.0,15.0,81.0,6.0,2018-10-15
654,22.0,50.0,161.0,113.0,233.0,0.0,1.0,80.0,6.0,2018-10-16
655,25.0,70.0,142.0,99.0,191.0,0.0,9.0,75.0,8.0,2018-10-17
656,33.0,90.0,127.0,82.0,158.0,-1.0,57.0,81.0,7.0,2018-10-18
657,23.0,70.0,96.0,46.0,147.0,0.0,56.0,81.0,5.0,2018-10-19
658,24.0,70.0,107.0,42.0,161.0,0.0,58.0,80.0,7.0,2018-10-20
659,35.0,80.0,129.0,94.0,162.0,0.0,50.0,67.0,8.0,2018-10-21
660,41.0,100.0,118.0,64.0,150.0,-1.0,63.0,82.0,5.0,2018-10-22
661,90.0,150.0,134.0,102.0,150.0,-1.0,61.0,75.0,8.0,2018-10-23
662,64.0,150.0,141.0,127.0,162.0,3.0,43.0,75.0,8.0,2018-10-24
663,42.0,90.0,123.0,109.0,134.0,6.0,39.0,75.0,8.0,2018-10-25
664,54.0,140.0,98.0,61.0,124.0,43.0,38.0,80.0,8.0,2018-10-26
665,28.0,100.0,74.0,48.0,117.0,55.0,58.0,75.0,6.0,2018-10-27
666,60.0,130.0,53.0,25.0,79.0,0.0,75.0,83.0,2.0,2018-10-28
667,62.0,130.0,54.0,36.0,63.0,0.0,70.0,75.0,8.0,2018-10-29
668,68.0,170.0,62.0,38.0,102.0,215.0,29.0,75.0,8.0,2018-10-30
669,48.0,130.0,85.0,53.0,112.0,-1.0,65.0,80.0,7.0,2018-10-31
670,56.0,100.0,103.0,83.0,123.0,26.0,58.0,80.0,8.0,2018-11-01
671,50.0,120.0,86.0,38.0,115.0,39.0,59.0,83.0,6.0,2018-11-02
672,35.0,80.0,54.0,11.0,107.0,0.0,57.0,75.0,6.0,2018-11-03
673,34.0,80.0,62.0,19.0,111.0,0.0,42.0,66.0,6.0,2018-11-04
674,35.0,80.0,79.0,52.0,103.0,0.0,35.0,57.0,7.0,2018-11-05
675,38.0,80.0,122.0,65.0,189.0,0.0,40.0,82.0,8.0,2018-11-06
676,65.0,130.0,108.0,83.0,132.0,5.0,65.0,75.0,6.0,2018-11-07
677,44.0,100.0,90.0,50.0,130.0,0.0,65.0,75.0,2.0,2018-11-08
678,51.0,100.0,92.0,69.0,114.0,0.0,59.0,70.0,7.0,2018-11-09
679,68.0,140.0,113.0,91.0,130.0,31.0,56.0,70.0,7.0,2018-11-10
680,63.0,140.0,109.0,79.0,137.0,48.0,59.0,75.0,8.0,2018-11-11
681,41.0,90.0,100.0,80.0,124.0,11.0,50.0,70.0,8.0,2018-11-12
682,68.0,150.0,102.0,78.0,136.0,0.0,59.0,75.0,5.0,2018-11-13
683,43.0,80.0,86.0,59.0,131.0,0.0,59.0,72.0,8.0,2018-11-14
684,32.0,60.0,73.0,32.0,124.0,0.0,59.0,70.0,3.0,2018-11-15
685,28.0,80.0,32.0,-6.0,51.0,0.0,2.0,60.0,3.0,2018-11-16
686,49.0,100.0,45.0,13.0,82.0,0.0,57.0,68.0,0.0,2018-11-17
687,58.0,120.0,38.0,4.0,68.0,0.0,59.0,83.0,4.0,2018-11-18
688,82.0,150.0,54.0,36.0,72.0,2.0,62.0,75.0,6.0,2018-11-19
689,83.0,180.0,35.0,28.0,44.0,-1.0,63.0,75.0,8.0,2018-11-20
690,46.0,110.0,36.0,20.0,52.0,-1.0,56.0,62.0,8.0,2018-11-21
691,38.0,80.0,33.0,11.0,44.0,0.0,56.0,60.0,8.0,2018-11-22
692,32.0,60.0,34.0,9.0,59.0,0.0,56.0,60.0,7.0,2018-11-23
693,41.0,100.0,26.0,14.0,34.0,0.0,5.0,56.0,8.0,2018-11-24
694,46.0,100.0,38.0,24.0,50.0,-1.0,32.0,59.0,8.0,2018-11-25
695,49.0,100.0,47.0,33.0,57.0,-1.0,45.0,61.0,8.0,2018-11-26
696,39.0,90.0,32.0,13.0,53.0,0.0,30.0,61.0,7.0,2018-11-27
697,78.0,130.0,65.0,34.0,96.0,29.0,23.0,62.0,8.0,2018-11-28
698,75.0,140.0,103.0,96.0,111.0,36.0,45.0,75.0,8.0,2018-11-29
699,63.0,120.0,91.0,58.0,117.0,0.0,61.0,73.0,5.0,2018-11-30
700,65.0,130.0,74.0,40.0,100.0,19.0,29.0,69.0,7.0,2018-12-01
701,82.0,150.0,124.0,100.0,137.0,20.0,29.0,70.0,8.0,2018-12-02
702,78.0,170.0,112.0,55.0,134.0,20.0,57.0,70.0,6.0,2018-12-03
703,22.0,100.0,51.0,19.0,94.0,2.0,65.0,82.0,5.0,2018-12-04
704,52.0,110.0,60.0,28.0,89.0,15.0,40.0,70.0,8.0,2018-12-05
705,68.0,150.0,113.0,88.0,123.0,17.0,19.0,70.0,8.0,2018-12-06
706,95.0,190.0,103.0,69.0,120.0,97.0,26.0,73.0,7.0,2018-12-07
707,115.0,210.0,98.0,78.0,115.0,61.0,58.0,70.0,8.0,2018-12-08
708,95.0,200.0,81.0,55.0,101.0,67.0,40.0,75.0,7.0,2018-12-09
709,65.0,170.0,59.0,31.0,81.0,27.0,60.0,80.0,5.0,2018-12-10
710,24.0,90.0,45.0,7.0,79.0,9.0,7.0,75.0,6.0,2018-12-11
711,29.0,80.0,22.0,-21.0,59.0,-1.0,2.0,80.0,4.0,2018-12-12
712,56.0,110.0,16.0,1.0,27.0,0.0,57.0,75.0,2.0,2018-12-13
713,35.0,70.0,14.0,-14.0,37.0,0.0,60.0,68.0,6.0,2018-12-14
714,64.0,170.0,4.0,-11.0,14.0,6.0,43.0,74.0,8.0,2018-12-15
715,49.0,130.0,17.0,-8.0,38.0,20.0,1.0,50.0,8.0,2018-12-16
716,52.0,100.0,53.0,20.0,90.0,35.0,4.0,70.0,8.0,2018-12-17
717,62.0,130.0,65.0,35.0,79.0,0.0,19.0,75.0,8.0,2018-12-18
718,58.0,120.0,71.0,54.0,95.0,6.0,58.0,75.0,7.0,2018-12-19
719,67.0,130.0,75.0,61.0,83.0,8.0,61.0,70.0,8.0,2018-12-20
720,87.0,220.0,95.0,71.0,135.0,138.0,50.0,70.0,8.0,2018-12-21
721,67.0,160.0,92.0,68.0,101.0,94.0,40.0,70.0,8.0,2018-12-22
722,37.0,70.0,67.0,40.0,85.0,73.0,36.0,66.0,8.0,2018-12-23
723,22.0,90.0,65.0,44.0,89.0,-1.0,65.0,75.0,6.0,2018-12-24
724,48.0,90.0,58.0,38.0,85.0,0.0,64.0,75.0,7.0,2018-12-25
725,39.0,70.0,53.0,37.0,64.0,0.0,50.0,65.0,8.0,2018-12-26
726,20.0,40.0,26.0,-6.0,55.0,0.0,58.0,67.0,8.0,2018-12-27
727,25.0,60.0,52.0,8.0,72.0,0.0,50.0,59.0,8.0,2018-12-28
728,72.0,170.0,87.0,68.0,108.0,1.0,30.0,70.0,8.0,2018-12-29
729,45.0,120.0,88.0,68.0,98.0,1.0,18.0,70.0,8.0,2018-12-30
730,45.0,110.0,90.0,83.0,109.0,-1.0,50.0,70.0,8.0,2018-12-31
